Date,Total
27/04/2018,404077.85880970507
28/04/2018,400585.0992127101
29/04/2018,429213.9332003989
30/04/2018,421651.15615802025
01/05/2018,436194.969783108
02/05/2018,429829.03610934
03/05/2018,452872.0790105399
04/05/2018,535354.1011387071
05/05/2018,587024.506530056
06/05/2018,612041.0874594781
07/05/2018,606185.9121876055
08/05/2018,545101.1089186457
09/05/2018,554542.1280138022
10/05/2018,553726.766173413
11/05/2018,534215.5154285625
12/05/2018,513757.5025182162
13/05/2018,494662.89332410606
14/05/2018,506290.18434336287
15/05/2018,526043.7638372899
16/05/2018,488485.9182938976
17/05/2018,472706.645892024
18/05/2018,453483.3530967137
19/05/2018,485519.2936526118
20/05/2018,489576.65243371535
21/05/2018,502531.59858260286
22/05/2018,488725.89244557713
23/05/2018,459658.4409608483
24/05/2018,398599.05116721714
25/05/2018,441987.2412852639
26/05/2018,413710.5869347878
27/05/2018,373254.32789021375
28/05/2018,384164.5996736919
29/05/2018,333481.35067272844
30/05/2018,366440.4934840385
31/05/2018,357505.3766863813
01/06/2018,377763.7428616434
02/06/2018,366692.8979218863
03/06/2018,400182.4806968473
04/06/2018,414105.8418214316
05/06/2018,404405.3248719185
06/06/2018,397586.57884300617
07/06/2018,413083.5964231188
08/06/2018,407737.3022557752
09/06/2018,410462.1896413548
10/06/2018,407531.20965280576
11/06/2018,340982.1256591669
12/06/2018,343077.0983184027
13/06/2018,318041.7932918704
14/06/2018,311769.1654377772
15/06/2018,345592.2232730303
16/06/2018,337317.97702447686
17/06/2018,342632.75127011375
18/06/2018,344369.8217110739
19/06/2018,371709.7486428315
20/06/2018,377297.4565848687
21/06/2018,385891.9080326348
22/06/2018,374646.7373273908
23/06/2018,328674.1134116333
24/06/2018,338020.3423471226
25/06/2018,325352.50507807004
26/06/2018,328390.7042710822
27/06/2018,312520.4172936647
28/06/2018,331966.708498163
29/06/2018,339219.62692641065
30/06/2018,337358.62648350256
01/07/2018,345806.8589828236
02/07/2018,352556.03338739375
03/07/2018,375401.8825604002
04/07/2018,355123.1178898175
05/07/2018,372105.6791116425
06/07/2018,388750.77152222727
07/07/2018,357603.0140729729
08/07/2018,402882.69797363895
09/07/2018,381731.6265652132
10/07/2018,388746.6596683685
11/07/2018,334323.46032036986
12/07/2018,338795.5007947081
13/07/2018,329137.8102616123
14/07/2018,335944.56754032406
15/07/2018,327538.4735136886
16/07/2018,352941.8307456716
17/07/2018,368446.4197291695
18/07/2018,387730.3515968413
19/07/2018,357727.3892950863
20/07/2018,354615.5600323265
21/07/2018,337662.71896518866
22/07/2018,343527.26817199914
23/07/2018,353047.0821976666
24/07/2018,325949.3339030474
25/07/2018,357183.8802186346
26/07/2018,351103.55690465827
27/07/2018,341819.1102232076
28/07/2018,340056.7717599282
29/07/2018,342664.98113374755
30/07/2018,341927.58656500146
31/07/2018,337279.3174893116
01/08/2018,322134.8901482267
02/08/2018,337275.6667576372
03/08/2018,337913.1809696106
04/08/2018,371712.7211090308
05/08/2018,356597.14673698705
06/08/2018,358439.00666637335
07/08/2018,367117.1212669052
08/08/2018,367757.6854383253
09/08/2018,22961.87951038035
10/08/2018,20548.732384760417
11/08/2018,20134.03517993865
12/08/2018,337317.40370262665
13/08/2018,340362.4818364668
14/08/2018,342257.8782294952
15/08/2018,341052.2639401736
16/08/2018,359166.5450887033
17/08/2018,369142.6779448409
18/08/2018,367401.1471896458
19/08/2018,365249.2676059092
20/08/2018,363340.3132818624
21/08/2018,358940.57728545164
22/08/2018,316469.65940808866
23/08/2018,242300.67608453683
24/08/2018,2502793.662295612
25/08/2018,372406.5411532939
26/08/2018,1302138.5101259174
27/08/2018,8969865.136818497
28/08/2018,9018718.800009787
29/08/2018,1180226.407824828
30/08/2018,1175880.4389722983
31/08/2018,1164421.6076913923
01/09/2018,1178640.769005294
02/09/2018,1721605.312275337
03/09/2018,1714498.4797378331
04/09/2018,1655376.0301368283
05/09/2018,1541536.4813122523
06/09/2018,1401925.225542755
07/09/2018,1373023.5849905373
08/09/2018,1368294.6940708186
09/09/2018,1305799.305250616
10/09/2018,654995.3949714188
11/09/2018,1013470.3725277884
12/09/2018,1369791.8657378757
13/09/2018,969787.103708356
14/09/2018,967548.8795028668
15/09/2018,609333.9711494674
16/09/2018,1314515.6286030205
17/09/2018,468275.5066759116
18/09/2018,422288.6598634395
19/09/2018,454622.145023977
20/09/2018,449140.1011107639
21/09/2018,458246.4526446736
22/09/2018,610154.6574991726
23/09/2018,1090775.4549518535
24/09/2018,1091668.505825984
25/09/2018,340529.606227078
26/09/2018,421474.3383082712
27/09/2018,487850.7892850102
28/09/2018,2062155.8728776395
29/09/2018,3596029.2797710663
30/09/2018,3917494.818631809
01/10/2018,3784471.065135547
02/10/2018,4022968.448336486
03/10/2018,3739590.375523215
04/10/2018,3317089.59193913
05/10/2018,3288585.813451179
06/10/2018,3555982.2371523064
07/10/2018,3345382.605218226
08/10/2018,2990374.212484295
09/10/2018,3017476.312475154
10/10/2018,3312010.865147464
11/10/2018,3294332.1415881496
12/10/2018,2875060.662198431
13/10/2018,3384946.572764287
14/10/2018,3421112.7795230853
15/10/2018,3373174.421871814
16/10/2018,4833995.718352465
17/10/2018,4074596.475857267
18/10/2018,5723684.282887546
19/10/2018,5445987.681155719
20/10/2018,5700029.747743048
21/10/2018,4772745.974748556
22/10/2018,5842450.934135638
23/10/2018,6079294.391661467
24/10/2018,5961246.439172281
25/10/2018,6265812.026384318
26/10/2018,6565393.343204755
27/10/2018,4814508.581327772
28/10/2018,6483197.214019351
29/10/2018,6595754.804743745
30/10/2018,5738062.032432046
31/10/2018,3932026.3028626903
01/11/2018,3912717.304380797
02/11/2018,3911408.3322081664
03/11/2018,3491550.8063175194
04/11/2018,4430767.696516321
05/11/2018,4109048.916203205
06/11/2018,4148805.6223183055
07/11/2018,4436008.5616906425
08/11/2018,4392574.099147935
09/11/2018,4196211.937788439
10/11/2018,4044371.349559087
11/11/2018,4173220.5346985
12/11/2018,4083018.2800852894
13/11/2018,4338027.861149177
14/11/2018,4275287.023157108
15/11/2018,3683607.212934048
16/11/2018,3916651.1743161054
17/11/2018,3777995.947506392
18/11/2018,3619613.832945538
19/11/2018,14168000.569595974
20/11/2018,2893450.185991122
21/11/2018,2213633.5610149843
22/11/2018,2817094.750602649
23/11/2018,4207919.9229699
24/11/2018,4248590.478669692
25/11/2018,3926654.3543608594
26/11/2018,4859024.010812268
27/11/2018,4683036.82827362
28/11/2018,5399337.852161679
29/11/2018,6207558.893628708
30/11/2018,6455300.051416293
01/12/2018,6418273.471890554
02/12/2018,7185037.4550205
03/12/2018,6513088.990389462
04/12/2018,5342216.730653428
05/12/2018,5198881.477089554
06/12/2018,3905165.973034941
07/12/2018,3399289.138018117
08/12/2018,3951932.885840852
09/12/2018,4274771.2178903725
10/12/2018,3323394.193954048
11/12/2018,3286046.381061485
12/12/2018,3364537.1324744206
13/12/2018,3517188.226052107
14/12/2018,3270664.5945166945
15/12/2018,2968926.242764621
16/12/2018,3311345.609404617
17/12/2018,3509572.913442962
18/12/2018,3970429.927894829
19/12/2018,4151531.364689832
20/12/2018,4145202.6528584207
21/12/2018,4601155.816102312
22/12/2018,5772900.459033346
23/12/2018,5870272.506672535
24/12/2018,6366065.2024052525
25/12/2018,7427365.098114182
26/12/2018,6906895.87363954
27/12/2018,7376259.088091446
28/12/2018,6671341.247841734
29/12/2018,7098851.385341186
30/12/2018,4149780.608405986
31/12/2018,3926019.838595932
01/01/2019,3802744.4195126975
02/01/2019,4008486.202578195
03/01/2019,5319595.670500583
04/01/2019,287433128.5227971
05/01/2019,302732506.8718975
06/01/2019,311853477.00517553
07/01/2019,300491956.2437919
08/01/2019,299339163.95934325
09/01/2019,292697944.26826245
10/01/2019,120442298.06590363
11/01/2019,257765163.23295367
12/01/2019,290802406.0846356
13/01/2019,257937842.19569623
14/01/2019,191629187.2589344
15/01/2019,261411391.56483355
16/01/2019,262961575.3823217
17/01/2019,267924884.56147435
18/01/2019,277660236.30422413
19/01/2019,244151380.72137105
20/01/2019,251644913.62315956
21/01/2019,248491097.97581267
22/01/2019,240708087.23616496
23/01/2019,235787788.93219325
24/01/2019,243494776.43368584
25/01/2019,241710177.2757858
26/01/2019,241907331.68931863
27/01/2019,245375349.536896
28/01/2019,239831642.31642425
29/01/2019,110993122.61774032
30/01/2019,218096824.3639101
31/01/2019,222703976.18375412
01/02/2019,228666577.293456
02/02/2019,227028959.39983705
03/02/2019,230013244.42430565
04/02/2019,230127295.9378305
05/02/2019,229430913.4747665
06/02/2019,231273136.93634823
07/02/2019,223333681.33795676
08/02/2019,228871906.91024545
09/02/2019,235167475.41750017
10/02/2019,261139320.4428468
11/02/2019,258554459.28182465
12/02/2019,264077880.78187472
13/02/2019,262141236.556776
14/02/2019,267761655.6839472
15/02/2019,264387498.15649843
16/02/2019,277093507.7550993
17/02/2019,268744333.0059008
18/02/2019,281574784.5909167
19/02/2019,305819125.38476026
20/02/2019,325278626.62136614
21/02/2019,322645926.65745336
22/02/2019,322273346.614266
23/02/2019,330720006.0007628
24/02/2019,332135495.6481179
25/02/2019,364416787.12223154
26/02/2019,309999343.6587829
27/02/2019,309159374.1769812
28/02/2019,312433597.4998663
01/03/2019,310014164.0740384
02/03/2019,314532262.8940216
03/03/2019,303624732.5909045
04/03/2019,305542360.40751946
05/03/2019,288680650.23027086
06/03/2019,295972789.9519362
07/03/2019,320109082.8384593
08/03/2019,322663486.904148
09/03/2019,314523730.42880887
10/03/2019,324473631.56400704
11/03/2019,313835747.59514207
12/03/2019,311112409.6367102
13/03/2019,312741396.2910412
14/03/2019,307100618.33724433
15/03/2019,310006836.6710088
16/03/2019,316214758.2558434
17/03/2019,335130994.63524073
18/03/2019,334848455.9778187
19/03/2019,330615127.3178428
20/03/2019,327731261.88633347
21/03/2019,328283472.3628491
22/03/2019,325443734.17795247
23/03/2019,317895424.7656529
24/03/2019,320257353.55701774
25/03/2019,321138288.81514347
26/03/2019,315561565.3663518
27/03/2019,312363436.9288936
28/03/2019,327529272.8552028
29/03/2019,321106178.209894
30/03/2019,330061621.6979298
31/03/2019,336188470.8135407
01/04/2019,333460244.3267265
02/04/2019,330978254.0738635
03/04/2019,361594750.8881396
04/04/2019,392932918.904597
05/04/2019,377869512.0719559
06/04/2019,387144014.8336203
07/04/2019,386408512.4427384
08/04/2019,397314868.4334596
09/04/2019,417345265.98988223
10/04/2019,416397449.8693546
11/04/2019,426381658.70677125
12/04/2019,390404226.9893799
13/04/2019,391764520.55139846
14/04/2019,384361169.3835396
15/04/2019,384943047.85696507
16/04/2019,388146901.675229
17/04/2019,378592405.4319822
18/04/2019,391870807.5557551
19/04/2019,398046174.8873968
20/04/2019,400802077.2143609
21/04/2019,394224277.3692632
22/04/2019,384047397.1321768
23/04/2019,391612123.2137605
24/04/2019,398974485.33263326
25/04/2019,374835374.4901254
26/04/2019,369675254.12445855
27/04/2019,353253273.28574306
28/04/2019,351397722.89795536
29/04/2019,355871415.80418
30/04/2019,345659531.1355442
01/05/2019,360859250.5830235
02/05/2019,367995032.8981264
03/05/2019,360919178.53992057
04/05/2019,369508006.4276264
05/05/2019,364541770.6821025
06/05/2019,365556204.754821
07/05/2019,366422292.3522039
08/05/2019,396594726.188732
09/05/2019,376392567.7180392
10/05/2019,377496114.9659524
11/05/2019,374509695.1614072
12/05/2019,403051737.051272
13/05/2019,407686685.1884569
14/05/2019,413872177.13646185
15/05/2019,442069802.7369385
16/05/2019,486740747.4420234
17/05/2019,492855168.506874
18/05/2019,457487191.037573
19/05/2019,467583199.6595952
20/05/2019,499545006.98608273
21/05/2019,489893173.3233308
22/05/2019,488358808.4208803
23/05/2019,487452839.16817707
24/05/2019,462332913.3971687
25/05/2019,487418847.4887676
26/05/2019,495186828.5037994
27/05/2019,477590554.8321922
28/05/2019,504416215.359149
29/05/2019,492147769.38892
30/05/2019,486895285.4139359
31/05/2019,506370688.6246059
01/06/2019,464900287.57859576
02/06/2019,490440184.8720728
03/06/2019,492316483.3400437
04/06/2019,480029529.039355
05/06/2019,449108423.47329104
06/06/2019,450802268.4994522
07/06/2019,454782474.9240576
08/06/2019,458402697.6616048
09/06/2019,459231885.58939016
10/06/2019,448830825.9416621
11/06/2019,450039861.44340205
12/06/2019,445448012.0656851
13/06/2019,462252033.90482265
14/06/2019,473704223.0260639
15/06/2019,471947873.18909305
16/06/2019,483324307.5478177
17/06/2019,496782843.6550849
18/06/2019,500753899.0872683
19/06/2019,492451210.35699135
20/06/2019,491959838.5535516
21/06/2019,492750196.8527457
22/06/2019,530113804.0549797
23/06/2019,559048628.670707
24/06/2019,557130390.978076
25/06/2019,558559670.1958811
26/06/2019,556981196.2640438
27/06/2019,582321118.5135982
28/06/2019,542317702.3824291
29/06/2019,534711011.642334
30/06/2019,530837844.3554748
01/07/2019,524027832.9805382
02/07/2019,516757057.3705252
03/07/2019,488986544.7436617
04/07/2019,518289037.5258144
05/07/2019,523478296.1343849
06/07/2019,522349436.3976079
07/07/2019,514099212.45787984
08/07/2019,521782532.26283073
09/07/2019,548619945.0941038
10/07/2019,553818430.3543414
11/07/2019,546426568.7038443
12/07/2019,491580759.0046503
13/07/2019,497840084.4312444
14/07/2019,480963477.8074839
15/07/2019,444131044.1080748
16/07/2019,443431779.9829999
17/07/2019,453116693.1213936
18/07/2019,432187195.10584486
19/07/2019,424182743.61372906
20/07/2019,424819651.7960192
21/07/2019,443007033.0216936
22/07/2019,476650084.6579555
23/07/2019,426811976.8232514
24/07/2019,400560139.4223694
25/07/2019,435689439.3627463
26/07/2019,416736740.53720623
27/07/2019,413794501.5597953
28/07/2019,400167620.4151223
29/07/2019,401701991.0465343
30/07/2019,400452929.9284897
31/07/2019,399934410.8755084
01/08/2019,408448444.6370115
02/08/2019,408498626.8895216
03/08/2019,419934152.866658
04/08/2019,425878731.2774916
05/08/2019,420913306.4644443
06/08/2019,443573112.6194986
07/08/2019,431085094.2933665
08/08/2019,429263646.7907497
09/08/2019,423599912.3338429
10/08/2019,426731448.58471125
11/08/2019,426826739.07264
12/08/2019,433190916.0747597
13/08/2019,436237066.4304518
14/08/2019,440607038.2311423
15/08/2019,439008344.4332918
16/08/2019,407528542.2665061
17/08/2019,407745818.8977176
18/08/2019,413126212.89329296
19/08/2019,416031742.4055453
20/08/2019,444642544.2839146
21/08/2019,439784982.9862086
22/08/2019,424737812.51533896
23/08/2019,423581430.6629265
24/08/2019,430004019.55945
25/08/2019,428278453.9198494
26/08/2019,430880628.2109283
27/08/2019,432524674.27502686
28/08/2019,425839853.3742223
29/08/2019,436695792.88732
30/08/2019,405559306.8084998
31/08/2019,416654692.7132914
01/09/2019,412283215.6371492
02/09/2019,412015990.00080407
03/09/2019,417855647.8977807
04/09/2019,431146020.1602227
05/09/2019,441265569.89444745
06/09/2019,428146129.3735086
07/09/2019,432653500.6102362
08/09/2019,419038441.7634702
09/09/2019,440831779.06075525
10/09/2019,444365772.50636345
11/09/2019,445425336.9490944
12/09/2019,440748361.2252428
13/09/2019,442855590.0292988
14/09/2019,448058504.4092042
15/09/2019,447662643.51840335
16/09/2019,466834224.5373145
17/09/2019,479616374.1773212
18/09/2019,493677031.91262096
19/09/2019,516413933.0106564
20/09/2019,511755631.2254308
21/09/2019,530294628.2715266
22/09/2019,526019297.7598072
23/09/2019,515842768.1240652
24/09/2019,512444031.8350586
25/09/2019,483098071.18184125
26/09/2019,423035092.6182171
27/09/2019,433728248.87965566
28/09/2019,438798959.2488173
29/09/2019,455802071.4644293
30/09/2019,447518494.0633437
01/10/2019,452169043.5717158
02/10/2019,466199992.9787944
03/10/2019,459534105.3511044
04/10/2019,460755696.2461691
05/10/2019,458425463.4807686
06/10/2019,457966119.9173319
07/10/2019,453518307.4785081
08/10/2019,456476117.94740295
09/10/2019,473870703.3994747
10/10/2019,484596373.9825142
11/10/2019,501809122.33710855
12/10/2019,492024137.5697512
13/10/2019,488756016.8481488
14/10/2019,485783196.6717771
15/10/2019,489041572.7549252
16/10/2019,492685979.7454194
17/10/2019,473007439.2170988
18/10/2019,480422179.03349
19/10/2019,478178444.65414
20/10/2019,480393265.7967736
21/10/2019,476807623.9849057
22/10/2019,485560835.1861218
23/10/2019,492873456.51445067
24/10/2019,509344456.3015146
25/10/2019,480895763.81825113
26/10/2019,500089501.7696305
27/10/2019,555751422.1140044
28/10/2019,573029079.3373059
29/10/2019,587041831.3342706
30/10/2019,599116999.8862451
31/10/2019,577322607.0434335
01/11/2019,548331715.9081863
02/11/2019,552348609.4008542
03/11/2019,554658280.5316907
04/11/2019,551649116.3834796
05/11/2019,591141719.8352393
06/11/2019,587964248.7490911
07/11/2019,589028133.9051173
08/11/2019,583520313.5087925
09/11/2019,594982874.0661777
10/11/2019,594585511.892165
11/11/2019,586610792.3015682
12/11/2019,589174288.971664
13/11/2019,603156893.4390646
14/11/2019,595694419.149373
15/11/2019,590232145.3095598
16/11/2019,578754782.5200763
17/11/2019,558311390.1755934
18/11/2019,588596767.9803085
19/11/2019,600987497.8073115
20/11/2019,588005468.0797474
21/11/2019,604585600.264298
22/11/2019,599783657.7651016
23/11/2019,562465652.9788469
24/11/2019,566625322.4498652
25/11/2019,571302317.3272448
26/11/2019,580979887.9023448
27/11/2019,605848068.6443304
28/11/2019,609617389.999598
29/11/2019,655753218.5234464
30/11/2019,637340608.3130741
01/12/2019,619475538.6075114
02/12/2019,602758910.5937157
03/12/2019,594710340.6415483
04/12/2019,616514222.7542596
05/12/2019,612561104.955777
06/12/2019,616152212.9090323
07/12/2019,609769769.319812
08/12/2019,610889767.7368364
09/12/2019,602971720.5959947
10/12/2019,629477537.4454516
11/12/2019,615429560.5599848
12/12/2019,601189786.7405111
13/12/2019,601685647.3928467
14/12/2019,613097081.398744
15/12/2019,604005295.1998779
16/12/2019,616835631.3905747
17/12/2019,617481952.0689795
18/12/2019,593778036.3654766
19/12/2019,557250098.5848641
20/12/2019,588757849.9642605
21/12/2019,591127126.6779754
22/12/2019,592546201.9259915
23/12/2019,599476007.4789555
24/12/2019,613267181.9723297
25/12/2019,599188583.8827733
26/12/2019,592871117.3146862
27/12/2019,590203281.8380185
28/12/2019,580878693.7968159
29/12/2019,593346741.7120594
30/12/2019,597207833.2835348
31/12/2019,609180173.3604492
01/01/2020,603193264.110253
02/01/2020,602696674.595545
03/01/2020,597189478.7647148
04/01/2020,605285263.6148069
05/01/2020,607193389.3083022
06/01/2020,610820377.0899861
07/01/2020,623859483.5890191
08/01/2020,611202041.4523634
09/01/2020,634092077.2937305
10/01/2020,590899599.305045
11/01/2020,588989461.2049358
12/01/2020,611958881.6861182
13/01/2020,594343570.8701394
14/01/2020,613840777.5799619
15/01/2020,649995610.9001166
16/01/2020,710958871.5112957
17/01/2020,690305023.4261403
18/01/2020,729728410.4839033
19/01/2020,717062859.6151856
20/01/2020,711006247.8700725
21/01/2020,684534287.3886905
22/01/2020,718185953.2023054
23/01/2020,715239754.3280133
24/01/2020,702516142.4353942
25/01/2020,693795277.2145189
26/01/2020,690250395.5241498
27/01/2020,697247985.6769241
28/01/2020,723137109.7286625
29/01/2020,754159027.0006591
30/01/2020,769031780.4693016
31/01/2020,770356016.1182946
01/02/2020,782063930.7593509
02/02/2020,793026243.8215157
03/02/2020,815100625.9930689
04/02/2020,803646231.7813978
05/02/2020,796408036.4956919
06/02/2020,829432954.0235932
07/02/2020,865209398.5346382
08/02/2020,894320609.8580701
09/02/2020,900680060.7864507
10/02/2020,901706966.8712966
11/02/2020,854683057.496357
12/02/2020,893047128.3024819
13/02/2020,972413588.820986
14/02/2020,997429324.7322674
15/02/2020,1028951914.7074664
16/02/2020,1047855796.638924
17/02/2020,1000728102.0579634
18/02/2020,947655420.8676316
19/02/2020,997092212.8293
20/02/2020,969968462.5494128
21/02/2020,878340547.0118585
22/02/2020,906593012.7632293
23/02/2020,769638319.8221917
24/02/2020,936686050.7742327
25/02/2020,942510617.7084486
26/02/2020,912446476.9997638
27/02/2020,831700978.356581
28/02/2020,823338348.7791102
29/02/2020,799079232.2321842
01/03/2020,821049791.8228183
02/03/2020,814223097.1995579
03/03/2020,805943194.2994295
04/03/2020,829866618.2770662
05/03/2020,812206214.7680482
06/03/2020,829487587.9171691
07/03/2020,842467463.603999
08/03/2020,857641829.1412413
09/03/2020,808841001.687719
10/03/2020,739899098.4273361
11/03/2020,741233144.6781144
12/03/2020,747884048.3045317
13/03/2020,523060961.7653933
14/03/2020,497072749.6802028
15/03/2020,497369774.1257056
16/03/2020,477007479.1161549
17/03/2020,404395491.84333575
18/03/2020,445560105.3014015
19/03/2020,439570895.5696151
20/03/2020,471596985.6691266
21/03/2020,529234451.3416894
22/03/2020,489531312.9350149
23/03/2020,482093502.9442306
24/03/2020,471261169.2948585
25/03/2020,512550111.4583018
26/03/2020,512944707.8989045
27/03/2020,519294699.0840045
28/03/2020,522573286.4227673
29/03/2020,509229192.12429625
30/03/2020,507491364.9834375
31/03/2020,519967586.08316034
01/04/2020,529739112.1732767
02/04/2020,534656355.0391381
03/04/2020,549645900.4185803
04/04/2020,577494743.033736
05/04/2020,567233321.7126766
06/04/2020,570348839.5113002
07/04/2020,592372164.5801032
08/04/2020,641343075.7001122
09/04/2020,628439126.1164047
10/04/2020,631326674.084261
11/04/2020,584527229.6001173
12/04/2020,589361858.0479058
13/04/2020,585655077.9412037
14/04/2020,580422725.0367336
15/04/2020,587438213.7745461
16/04/2020,674462401.3647125
17/04/2020,619001113.8125994
18/04/2020,626788068.3025731
19/04/2020,643065924.5945581
20/04/2020,674503078.9436791
21/04/2020,659074321.9274226
22/04/2020,640525237.6534387
23/04/2020,664132244.6704755
24/04/2020,675754436.2977152
25/04/2020,687993252.7801882
26/04/2020,698841141.2556486
27/04/2020,703406485.6838775
28/04/2020,711076110.0582199
29/04/2020,721792011.2022183
30/04/2020,767634529.5365633
01/05/2020,756431901.6782433
02/05/2020,770243841.7286012
03/05/2020,775188589.3715998
04/05/2020,790464318.4147946
05/05/2020,753256094.9838159
06/05/2020,755462512.1600109
07/05/2020,798780368.0911103
08/05/2020,780669065.4636886
09/05/2020,797777747.0180135
10/05/2020,802431631.1092477
11/05/2020,753853535.5467463
12/05/2020,730417170.0341575
13/05/2020,723829885.8920852
14/05/2020,735606550.7884884
15/05/2020,753874851.4563677
16/05/2020,741957946.4840535
17/05/2020,746323615.617378
18/05/2020,762574516.0519549
19/05/2020,779980055.6081185
20/05/2020,842291112.3248156
21/05/2020,855861220.4121634
22/05/2020,925045927.4149456
23/05/2020,933173661.7413996
24/05/2020,956862107.5440528
25/05/2020,1022748549.501655
26/05/2020,1003746080.2134504
27/05/2020,1005621446.1424692
28/05/2020,1014441443.0551592
29/05/2020,1001755500.8491286
30/05/2020,1031525578.557808
31/05/2020,1095063145.849383
01/06/2020,1110456381.712459
02/06/2020,1101537640.389876
03/06/2020,1135502441.8932524
04/06/2020,1126487239.0555158
05/06/2020,1139212544.8417387
06/06/2020,1152029922.1705182
07/06/2020,1157797672.3644242
08/06/2020,1145963654.6584055
09/06/2020,1163272103.4737997
10/06/2020,1158432715.410834
11/06/2020,1116349835.9691365
12/06/2020,1178684430.4545474
13/06/2020,1157228675.1570706
14/06/2020,1146261299.5625746
15/06/2020,965706850.0366936
16/06/2020,1110833085.4802427
17/06/2020,1224636929.9891396
18/06/2020,1308977738.5132327
19/06/2020,1408291020.6447866
20/06/2020,1492172633.2887409
21/06/2020,1610465321.8636403
22/06/2020,1685052624.899348
23/06/2020,1691612531.7468762
24/06/2020,1757563883.3033931
25/06/2020,1823719800.325501
26/06/2020,1837153661.478564
27/06/2020,1863915415.774399
28/06/2020,1883345199.6549733
29/06/2020,1862791202.0510056
30/06/2020,1877213604.7781727
01/07/2020,1846705115.861627
02/07/2020,1916114450.436103
03/07/2020,1974579797.55836
04/07/2020,2030828498.407956
05/07/2020,2052562414.6083755
06/07/2020,2074793556.7756612
07/07/2020,2188763571.4986897
08/07/2020,2190832517.6940093
09/07/2020,2329255501.2808685
10/07/2020,2326650819.491152
11/07/2020,2336253023.550759
12/07/2020,2374316430.640567
13/07/2020,2389948926.806178
14/07/2020,2411342093.109289
15/07/2020,2363443425.996208
16/07/2020,2404285663.821283
17/07/2020,2405339616.442335
18/07/2020,2518866264.765733
19/07/2020,2528667642.446909
20/07/2020,2743418577.568921
21/07/2020,2944164700.9037147
22/07/2020,3044477541.3482146
23/07/2020,3199896058.7662168
24/07/2020,3415468591.989756
25/07/2020,3468586075.992757
26/07/2020,3499466464.6442275
27/07/2020,3413387604.836041
28/07/2020,3383755457.1728463
29/07/2020,3394380562.494468
30/07/2020,3512083473.7016616
31/07/2020,3620563055.2496862
01/08/2020,3748821035.5406976
02/08/2020,3976785411.767738
03/08/2020,3874269152.060044
04/08/2020,4017253223.691959
05/08/2020,4060941645.650172
06/08/2020,4265431162.798773
07/08/2020,4203539098.1488023
08/08/2020,4266907021.614007
09/08/2020,4364033592.087104
10/08/2020,4463147541.432439
11/08/2020,4516317218.190313
12/08/2020,4449352763.507897
13/08/2020,4490574462.335855
14/08/2020,4707449199.130377
15/08/2020,5552989877.472203
16/08/2020,5897437315.784859
17/08/2020,5973272295.134365
18/08/2020,6215981565.51775
19/08/2020,6188717420.445372
20/08/2020,6233700497.201376
21/08/2020,6482940645.190183
22/08/2020,6377089437.805806
23/08/2020,6320368339.375687
24/08/2020,6387060887.576158
25/08/2020,6474117055.83269
26/08/2020,6754977929.658914
27/08/2020,6938084080.557774
28/08/2020,7069593921.438183
29/08/2020,7512908280.7543955
30/08/2020,7829083419.1229315
31/08/2020,8190409587.344832
01/09/2020,8416897989.550338
02/09/2020,9392341735.35267
03/09/2020,9248771404.850668
04/09/2020,8840422849.496895
05/09/2020,8774470755.543787
06/09/2020,7518840956.79629
07/09/2020,7779351047.526933
08/09/2020,7063081390.149474
09/09/2020,6951787813.199444
10/09/2020,7113460738.941529
11/09/2020,7766962036.868363
12/09/2020,7720733069.3233185
13/09/2020,7919135795.770135
14/09/2020,7715402934.2276945
15/09/2020,7847949240.884606
16/09/2020,7725124236.704321
17/09/2020,7520517011.018125
18/09/2020,8052909726.900956
19/09/2020,8519970394.042173
20/09/2020,9196593218.576292
21/09/2020,9376085400.00796
22/09/2020,8714828779.970219
23/09/2020,8750457061.11507
24/09/2020,8789848088.680912
25/09/2020,9109544717.328968
26/09/2020,9354616216.984743
27/09/2020,10293948114.686253
28/09/2020,10204476658.956888
29/09/2020,10321353182.190931
30/09/2020,10315099847.96716
01/10/2020,10134392687.091583
02/10/2020,10189295238.470844
03/10/2020,9737575006.7566
04/10/2020,9903179945.552671
05/10/2020,9881721137.41203
06/10/2020,9736036047.475737
07/10/2020,9307169211.70786
08/10/2020,9050140204.495998
09/10/2020,9294430969.194136
10/10/2020,9710313455.863068
11/10/2020,9859522062.83637
12/10/2020,9958279304.639654
13/10/2020,9978001973.79057
14/10/2020,10038921099.11194
15/10/2020,10038190284.763998
16/10/2020,9917922064.87234
17/10/2020,9732067915.94496
18/10/2020,9692987238.674765
19/10/2020,9803589310.923782
20/10/2020,9831418136.310274
21/10/2020,9581943440.379025
22/10/2020,9715727249.957796
23/10/2020,9911450126.146788
24/10/2020,9998327466.625313
25/10/2020,10115370615.035393
26/10/2020,10117805274.754896
27/10/2020,9835670127.130116
28/10/2020,9983556724.120407
29/10/2020,9898984471.28869
30/10/2020,9851385711.42184
31/10/2020,9689932667.4355
01/11/2020,9854321847.385046
02/11/2020,9864556194.533646
03/11/2020,9621004842.052113
04/11/2020,9566387724.296848
05/11/2020,9656163251.761156
06/11/2020,9865067926.280811
07/11/2020,10514636975.259577
08/11/2020,10500108155.77777
09/11/2020,10717236165.58526
10/11/2020,11194808412.67619
11/11/2020,11374092016.507875
12/11/2020,11815709397.041878
13/11/2020,11647603707.51166
14/11/2020,11977313256.775557
15/11/2020,11792683867.004965
16/11/2020,11836851395.62735
17/11/2020,11913540023.504911
18/11/2020,11679325492.266428
19/11/2020,11611650929.571892
20/11/2020,11591261252.163109
21/11/2020,12318327969.338234
22/11/2020,12414922560.965427
23/11/2020,12398620476.46898
24/11/2020,12565973177.472994
25/11/2020,12599940583.269764
26/11/2020,12388831137.148272
27/11/2020,11274836889.169504
28/11/2020,11181634874.118162
29/11/2020,11513580370.351768
30/11/2020,12111861298.917025
01/12/2020,12795987608.482924
02/12/2020,12724500680.520096
03/12/2020,12901111767.981264
04/12/2020,13194063626.127577
05/12/2020,12568319798.063906
06/12/2020,12933283345.352226
07/12/2020,13002297919.863264
08/12/2020,13078000666.158604
09/12/2020,12685104431.70456
10/12/2020,12664941727.585794
11/12/2020,12450643860.80926
12/12/2020,12164634989.935278
13/12/2020,12635041119.597853
14/12/2020,12981556275.512209
15/12/2020,12974986126.652256
16/12/2020,13265940662.180792
17/12/2020,13511920582.292835
18/12/2020,13963977279.460829
19/12/2020,13946979344.878496
20/12/2020,14370699944.390846
21/12/2020,14128754595.9979
22/12/2020,13659057159.387009
23/12/2020,13963658644.80104
24/12/2020,13857620782.7848
25/12/2020,13773685170.5255
26/12/2020,14387709887.722536
27/12/2020,14593625595.293713
28/12/2020,14618961853.011974
29/12/2020,15358429580.773657
30/12/2020,15480683661.061789
31/12/2020,15061320815.99395
01/01/2021,15308278945.123411
02/01/2021,15393496906.692251
03/01/2021,15839000462.966871
04/01/2021,17424681837.162834
05/01/2021,18249927805.576023
06/01/2021,20031885327.79757
07/01/2021,21417547204.7246
08/01/2021,21876955410.66509
09/01/2021,22324303920.00839
10/01/2021,22281448747.077297
11/01/2021,22440777560.76371
12/01/2021,20008836475.06598
13/01/2021,20262397173.05954
14/01/2021,21232414345.66423
15/01/2021,22232372294.00172
16/01/2021,21672978256.00257
17/01/2021,22473723731.704426
18/01/2021,22590296463.139008
19/01/2021,23071677387.59209
20/01/2021,24533456293.099205
21/01/2021,23617909833.866955
22/01/2021,21534663575.82324
23/01/2021,22788053604.29473
24/01/2021,23519491793.32225
25/01/2021,25461077837.3246
26/01/2021,25803195860.03586
27/01/2021,25484026352.90337
28/01/2021,24515384943.16721
29/01/2021,26017313466.606613
30/01/2021,27064199206.77016
31/01/2021,26998337524.493755
01/02/2021,26942114733.21388
02/02/2021,27512515278.07885
03/02/2021,28996953170.78457
04/02/2021,32564605169.956764
05/02/2021,33492188282.917747
06/02/2021,35789623075.111145
07/02/2021,35556321875.141136
08/02/2021,34828908937.80634
09/02/2021,37486773679.88004
10/02/2021,38994395470.87595
11/02/2021,40241977089.86846
12/02/2021,41491064832.3251
13/02/2021,42299258089.97156
14/02/2021,41593316435.19624
15/02/2021,42001997138.70825
16/02/2021,41590602189.55011
17/02/2021,42141014383.681526
18/02/2021,43064977476.36546
19/02/2021,44795111400.80923
20/02/2021,46348600072.48676
21/02/2021,48014135082.56573
22/02/2021,48447474621.82643
23/02/2021,45698307191.84838
24/02/2021,39714355142.22749
25/02/2021,43315810918.86569
26/02/2021,42498311962.39167
27/02/2021,37536737023.63707
28/02/2021,37985056069.96343
01/03/2021,39761766432.67146
02/03/2021,43143946924.59068
03/03/2021,43639970449.659935
04/03/2021,45760510261.07221
05/03/2021,45134410974.76988
06/03/2021,44293838069.61175
07/03/2021,45592218766.10452
08/03/2021,44447012916.36379
09/03/2021,45609398587.63278
10/03/2021,47894938293.87041
11/03/2021,48251354659.34855
12/03/2021,48900022167.73947
13/03/2021,50181234643.554375
14/03/2021,53344877188.44898
15/03/2021,52790014528.85881
16/03/2021,50744740810.94186
17/03/2021,51288673493.68816
18/03/2021,52182688941.455
19/03/2021,52743686785.58289
20/03/2021,53978433993.95805
21/03/2021,55653700743.74213
22/03/2021,53711987275.93456
23/03/2021,53326086112.61155
24/03/2021,51556763456.71953
25/03/2021,50877244367.57286
26/03/2021,49496126874.652405
27/03/2021,52176117244.85121
28/03/2021,52765093437.93723
29/03/2021,53482806822.885735
30/03/2021,56458734728.75812
31/03/2021,59175471170.55597
01/04/2021,59357975928.975945
02/04/2021,62096648805.257126
03/04/2021,64858789823.1235
04/04/2021,69922829212.79576
05/04/2021,71687242551.6367
06/04/2021,74742367336.44067
07/04/2021,75549432675.7346
08/04/2021,70970520515.28859
09/04/2021,73588506502.01982
10/04/2021,75963849832.45819
11/04/2021,77676818284.8876
12/04/2021,77721230131.88286
13/04/2021,78923091425.91539
14/04/2021,82477302418.44861
15/04/2021,87144906723.14917
16/04/2021,89127004691.99744
17/04/2021,89065233616.96455
18/04/2021,89425840950.0145
19/04/2021,81814634435.40144
20/04/2021,83294187641.19511
21/04/2021,84485740894.06387
22/04/2021,85210310868.27023
23/04/2021,87439442690.46503
24/04/2021,85573418210.5658
25/04/2021,84132148400.38197
26/04/2021,87603997396.34834
27/04/2021,95557825686.66284
28/04/2021,99063803868.65236
29/04/2021,101224540723.80045
30/04/2021,100229926229.43268
01/05/2021,102033962754.0166
02/05/2021,106276863320.25076
03/05/2021,105098741464.70624
04/05/2021,112724412933.19556
05/05/2021,113639508913.7401
06/05/2021,115718336921.78333
07/05/2021,118330085444.85423
08/05/2021,117396543827.1856
09/05/2021,120985075204.52246
10/05/2021,122784956164.34229
11/05/2021,122958731384.3848
12/05/2021,122458825261.4416
13/05/2021,121417876058.0108
14/05/2021,115681331486.1885
15/05/2021,119625530762.8977
16/05/2021,116197311192.07816
17/05/2021,114074934738.86302
18/05/2021,110153937137.66795
19/05/2021,101732726159.7059
20/05/2021,87333445289.82028
21/05/2021,86018643953.22989
22/05/2021,82538673158.41438
23/05/2021,74999404777.03107
24/05/2021,72064312499.66766
25/05/2021,79804657366.48007
26/05/2021,82270127584.39427
27/05/2021,87599081451.28333
28/05/2021,85178221481.97878
29/05/2021,79613633963.36757
30/05/2021,78384170157.40955
31/05/2021,81809097434.99303
01/06/2021,86141557579.61049
02/06/2021,88127570906.75488
03/06/2021,92498878119.35042
04/06/2021,93583501050.364
05/06/2021,88848761788.67604
06/06/2021,91402782115.5601
07/06/2021,91955195724.70335
08/06/2021,90849878743.30824
09/06/2021,89601523354.87373
10/06/2021,91156664594.2537
11/06/2021,89298653275.61633
12/06/2021,87203160155.70042
13/06/2021,86454268844.81409
14/06/2021,92187096786.63516
15/06/2021,94866185580.79132
16/06/2021,92729976940.19212
17/06/2021,89905962494.42369
18/06/2021,87198200129.0587
19/06/2021,84283463964.64629
20/06/2021,83575715155.64539
21/06/2021,78525107615.01366
22/06/2021,72299028158.2034
23/06/2021,72150206864.84605
24/06/2021,74821330510.64723
25/06/2021,75983197215.87744
26/06/2021,73769661858.61613
27/06/2021,74562940052.16878
28/06/2021,76676993923.49455
29/06/2021,78992541612.23247
30/06/2021,81327136819.4702
01/07/2021,81048815066.69182
02/07/2021,80917918351.58669
03/07/2021,81013301640.489
04/07/2021,83846984822.22748
05/07/2021,84989515285.36798
06/07/2021,84835458757.59222
07/07/2021,88067475498.21591
08/07/2021,88188785771.36922
09/07/2021,86097160766.51318
10/07/2021,85735592812.53398
11/07/2021,85045421757.66734
12/07/2021,86387640859.21095
13/07/2021,82777958453.05154
14/07/2021,83131128884.77226
15/07/2021,81866535811.4495
16/07/2021,81217456435.64557
17/07/2021,80628549343.68343
18/07/2021,81749421688.414
19/07/2021,80520200135.25975
20/07/2021,78222472882.22102
21/07/2021,78459105115.00687
22/07/2021,82529895479.02217
23/07/2021,83302797345.75473
24/07/2021,85368177121.00752
25/07/2021,86860836192.37149
26/07/2021,88393473618.33647
27/07/2021,90150250157.3394
28/07/2021,91589942917.1756
29/07/2021,91953950461.2041
30/07/2021,93257066222.34914
31/07/2021,94946584441.031
01/08/2021,95568004789.43694
02/08/2021,95538610517.28111
03/08/2021,95089653568.60832
04/08/2021,95496635687.81856
05/08/2021,99003096554.30908
06/08/2021,99059991468.53049
07/08/2021,101845213801.2148
08/08/2021,106430781601.18228
09/08/2021,105577503669.78412
10/08/2021,108109428330.42313
11/08/2021,106341939711.24847
12/08/2021,108202121546.91406
13/08/2021,109298226130.08482
14/08/2021,113178702854.24008
15/08/2021,113802882755.11237
16/08/2021,114133334821.1577
17/08/2021,111603029631.66496
18/08/2021,110171104125.72363
19/08/2021,111854078074.2555
20/08/2021,115430481455.97118
21/08/2021,118229829922.2038
22/08/2021,117126786651.0328
23/08/2021,118927930219.67313
24/08/2021,118676624799.73836
25/08/2021,117106505625.49876
26/08/2021,116412571866.455
27/08/2021,115696691733.85751
28/08/2021,120002781974.70256
29/08/2021,119565009711.19278
30/08/2021,118264272128.7137
31/08/2021,119054748839.90312
01/09/2021,123902534232.20364
02/09/2021,130506532322.41035
03/09/2021,130965381271.94312
04/09/2021,133316453913.4455
05/09/2021,134102060186.7154
06/09/2021,135904698522.01518
07/09/2021,130409107898.98796
08/09/2021,123604230348.44649
09/09/2021,124512849928.06589
10/09/2021,124569698322.86292
11/09/2021,121981156703.45674
12/09/2021,126761650917.49448
13/09/2021,127914976431.74677
14/09/2021,126876411398.33932
15/09/2021,130936614172.50104
16/09/2021,132778493745.22986
17/09/2021,130970208372.62448
18/09/2021,130120981318.79012
19/09/2021,130063292051.28851
20/09/2021,122837498892.68848
21/09/2021,113358456715.37846
22/09/2021,116027372032.47156
23/09/2021,122098924898.6496
24/09/2021,121895027565.80067
25/09/2021,119321365650.0176
26/09/2021,119693755634.5335
27/09/2021,120710252095.63329
28/09/2021,117459365843.0513
29/09/2021,115828111835.77522
30/09/2021,117870594792.08575
01/10/2021,122741697121.65594
02/10/2021,127850834965.53668
03/10/2021,130545383500.6376
04/10/2021,131040795202.09416
05/10/2021,132004865647.4716
06/10/2021,133651548592.15346
07/10/2021,134965888980.88164
08/10/2021,137406123033.24368
09/10/2021,137851642147.1813
10/10/2021,138878233774.6449
11/10/2021,135891872428.06956
12/10/2021,137572889804.33203
13/10/2021,139089496281.2419
14/10/2021,142762647494.21567
15/10/2021,145509966532.95438
16/10/2021,148261059146.14502
17/10/2021,148535208465.84753
18/10/2021,149108522010.54276
19/10/2021,146860414431.68768
20/10/2021,150225633087.00757
21/10/2021,157655722304.5315
22/10/2021,155317052690.95483
23/10/2021,152934821499.64435
24/10/2021,157875010297.4116
25/10/2021,156747358583.9419
26/10/2021,160771822222.71817
27/10/2021,159173413846.94534
28/10/2021,153368193468.77893
29/10/2021,160245997629.7716
30/10/2021,153871741663.7354
31/10/2021,155024515057.9904
01/11/2021,157755472852.50018
02/11/2021,159658622120.0422
03/11/2021,165802973128.31378
04/11/2021,167967940433.53354
05/11/2021,168400074274.16064
06/11/2021,167592079093.25397
07/11/2021,170106288903.14044
08/11/2021,174665702001.28018
09/11/2021,178801671550.07672
10/11/2021,177031212798.42764
11/11/2021,172607768096.7614
12/11/2021,174835422420.88232
13/11/2021,174762041181.66858
14/11/2021,175013119518.42767
15/11/2021,176294627119.72263
16/11/2021,172552522339.54214
17/11/2021,165256265933.21533
18/11/2021,167611669167.7743
19/11/2021,159885295153.17078
20/11/2021,169028831427.21848
21/11/2021,173265625308.93033
22/11/2021,171102743430.79602
23/11/2021,166651901630.96304
24/11/2021,172181273586.39725
25/11/2021,171345014382.3242
26/11/2021,175042403872.3635
27/11/2021,162519841853.0922
28/11/2021,164014033268.25488
29/11/2021,170178461819.31613
30/11/2021,174479696807.7996
01/12/2021,177745504594.4036
02/12/2021,178152239549.7737
03/12/2021,176037717784.97318
04/12/2021,166367812501.88647
05/12/2021,158476171842.18356
06/12/2021,159002875390.33466
07/12/2021,163581351564.9533
08/12/2021,165813624761.19067
09/12/2021,168106863948.65402
10/12/2021,159901911506.11618
11/12/2021,154973842990.16425
12/12/2021,158397081075.44205
13/12/2021,159959810687.43903
14/12/2021,150917609409.98547
15/12/2021,153704277776.02078
16/12/2021,158597567246.07733
17/12/2021,157412875599.19388
18/12/2021,156105924349.6417
19/12/2021,159864132417.2975
20/12/2021,160394646737.33966
21/12/2021,160389809429.4319
22/12/2021,165819934804.36917
23/12/2021,165671830617.49106
24/12/2021,170869854781.58884
25/12/2021,170095844938.46127
26/12/2021,171593840733.1449
27/12/2021,173082764267.61496
28/12/2021,170153508239.00137
29/12/2021,164444127377.22546
30/12/2021,161440621751.50494
31/12/2021,163188766565.08392
01/01/2022,163215811611.5381
02/01/2022,166529191713.9679
03/01/2022,167674068743.2145
04/01/2022,167791485939.0413
05/01/2022,167806592234.31235
06/01/2022,161317180464.0052
07/01/2022,158425570663.24448
08/01/2022,153627706828.7542
09/01/2022,150700164689.17758
10/01/2022,152684669133.17615
11/01/2022,150275587366.99625
12/01/2022,155081766213.16037
13/01/2022,158892358408.8321
14/01/2022,156499017599.32947
15/01/2022,158002757611.1374
16/01/2022,158536673790.90182
17/01/2022,159981345782.36356
18/01/2022,156000187817.28198
19/01/2022,155996691973.1724
20/01/2022,155188236147.02774
21/01/2022,153308195116.6799
22/01/2022,136002343199.59528
23/01/2022,129055924269.42722
24/01/2022,132533800482.16136
25/01/2022,128568082268.1934
26/01/2022,132167708724.00406
27/01/2022,133294337514.27084
28/01/2022,125633401998.0305
29/01/2022,126595355364.22012
30/01/2022,128147389875.60048
31/01/2022,126433123693.36217
01/02/2022,129120214991.36334
02/02/2022,131970867607.13768
03/02/2022,128289138742.7934
04/02/2022,129956287153.59145
05/02/2022,137701353089.16367
06/02/2022,139913048026.60962
07/02/2022,141670493792.74048
08/02/2022,144017601538.5679
09/02/2022,144131511993.38623
10/02/2022,146542722162.5944
11/02/2022,142452836538.56717
12/02/2022,138805837164.2217
13/02/2022,138760593552.24084
14/02/2022,138123297082.71274
15/02/2022,139092378006.53992
16/02/2022,144651956435.52808
17/02/2022,143790183415.69916
18/02/2022,137302915330.64618
19/02/2022,135408695000.61456
20/02/2022,134699316564.32137
21/02/2022,131758430172.50206
22/02/2022,128489123367.14136
23/02/2022,130669892980.3039
24/02/2022,129561481539.43063
25/02/2022,129617019341.75684
26/02/2022,133664163490.40813
27/02/2022,134603377699.03078
28/02/2022,130956938290.1968
01/03/2022,140569736892.7149
02/03/2022,141678618475.1475
03/03/2022,142530051467.12997
04/03/2022,136390509637.65306
05/03/2022,132573268022.44522
06/03/2022,134650297074.852
07/03/2022,130555205045.3529
08/03/2022,130626097673.18228
09/03/2022,133147047328.02097
10/03/2022,136836230996.6969
11/03/2022,134774586791.48056
12/03/2022,133807909423.01273
13/03/2022,133889919500.46704
14/03/2022,132200030083.6773
15/03/2022,133609151291.293
16/03/2022,135529091546.72691
17/03/2022,139923939031.8597
18/03/2022,140143172886.42285
19/03/2022,144457365155.78845
20/03/2022,144577328415.01825
21/03/2022,142638387731.49274
22/03/2022,146768428627.1828
23/03/2022,148539372634.40506
24/03/2022,150253054371.32953
25/03/2022,151508591091.80072
26/03/2022,150476897247.99103
27/03/2022,152399245177.50943
28/03/2022,156019873258.8189
29/03/2022,157534428543.21384
30/03/2022,159958693374.3785
31/03/2022,161048489140.53812
01/04/2022,157715457112.90887
02/04/2022,161928964594.6697
03/04/2022,161991300677.33875
04/04/2022,163165235729.9281
05/04/2022,162633224312.22568
06/04/2022,158830862706.38788
07/04/2022,152532301764.51212
08/04/2022,154901400245.9062
09/04/2022,151534835852.20096
10/04/2022,153642500716.32492
11/04/2022,150426370568.15652
12/04/2022,143142828126.0186
13/04/2022,146227936387.85037
14/04/2022,148492544980.67673
15/04/2022,145911301329.94946
16/04/2022,147309380962.58414
17/04/2022,147919633120.05292
18/04/2022,145498351805.10815
19/04/2022,149033061838.57074
20/04/2022,149972859556.06976
21/04/2022,148200980433.11096
22/04/2022,145197022772.5408
23/04/2022,144437812183.1857
24/04/2022,145082378753.32788
25/04/2022,144102309310.97363
26/04/2022,147422902077.92218
27/04/2022,141626281136.81955
28/04/2022,144490079178.03943
29/04/2022,144077307016.04276
30/04/2022,140308855911.466
01/05/2022,135695588900.3678
02/05/2022,138098200765.76477
03/05/2022,138120633829.30194
04/05/2022,138123333691.9063
05/05/2022,142813386325.62518
06/05/2022,137002062562.17924
07/05/2022,135813086910.3392
08/05/2022,130689264384.46716
09/05/2022,125981557759.62314
10/05/2022,109300940758.731
11/05/2022,107010587741.53882
12/05/2022,89945268153.75839
13/05/2022,78486313390.04301
14/05/2022,79014036465.83887
15/05/2022,79317937867.77132
16/05/2022,81249666354.4958
17/05/2022,78387059371.32439
18/05/2022,79980663730.40866
19/05/2022,75762959664.95232
20/05/2022,78427117698.49051
21/05/2022,76248690214.37704
22/05/2022,77030844135.53737
23/05/2022,79679033071.95001
24/05/2022,78296352030.69122
25/05/2022,79360593444.97057
26/05/2022,79508353975.03818
27/05/2022,75758457098.57582
28/05/2022,74843182052.37347
29/05/2022,75956695165.42632
30/05/2022,75704957708.76158
31/05/2022,79674811420.27785
01/06/2022,80037571579.42351
02/06/2022,77142691729.08185
03/06/2022,77633247137.24063
04/06/2022,75934633965.29347
05/06/2022,75541731378.64339
06/06/2022,75819589296.34525
07/06/2022,76181930101.27003
08/06/2022,76238496939.13586
09/06/2022,75608864733.82617
10/06/2022,74423505945.47906
11/06/2022,72105843958.51747
12/06/2022,69349471242.60999
13/06/2022,66436512802.906006
14/06/2022,57674409013.373055
15/06/2022,55814922930.705215
16/06/2022,55516490227.343216
17/06/2022,51769616296.39018
18/06/2022,52499877455.95431
19/06/2022,49731233179.598366
20/06/2022,51617776697.41148
21/06/2022,52307539214.16206
22/06/2022,52404013926.02219
23/06/2022,52077788609.03355
24/06/2022,53694749450.6326
25/06/2022,54903174670.53619
26/06/2022,55083211309.52255
27/06/2022,54234801741.038185
28/06/2022,53765874768.89251
29/06/2022,52658681958.73075
30/06/2022,51942705805.38305
01/07/2022,51474050280.32601
02/07/2022,51412799048.60422
03/07/2022,52490156403.208496
04/07/2022,52769739816.972725
05/07/2022,54223614279.22215
06/07/2022,54432335828.433945
07/07/2022,55269196440.91625
08/07/2022,55854744874.98723
09/07/2022,55686513314.71796
10/07/2022,55812054279.14572
11/07/2022,54628899841.54115
12/07/2022,52995778441.38308
13/07/2022,51824035387.65788
14/07/2022,52974639760.78165
15/07/2022,54158817833.41448
16/07/2022,54677264085.92484
17/07/2022,56006497780.98457
18/07/2022,55837869231.14538
19/07/2022,59209455068.21155
20/07/2022,59399072494.47293
21/07/2022,58700307342.077065
22/07/2022,59499346796.6811
23/07/2022,59413951175.34542
24/07/2022,59464603026.74642
25/07/2022,60064903016.11522
26/07/2022,57368902949.3659
27/07/2022,57371382011.92412
28/07/2022,60257754150.372025
29/07/2022,61977270649.61371
30/07/2022,61514103408.75729
31/07/2022,61512673081.14308
01/08/2022,61199916176.44922
02/08/2022,60583610726.6139
03/08/2022,59652121484.58982
04/08/2022,60355048262.24612
05/08/2022,61137632689.03303
06/08/2022,62224937492.99616
07/08/2022,61661918663.85832
08/08/2022,62782182982.90774
09/08/2022,63047248601.24195
10/08/2022,61296691705.8773
11/08/2022,64087231042.87197
12/08/2022,63892474695.97925
13/08/2022,63954988338.96578
14/08/2022,64104844396.7985
15/08/2022,63421147912.61071
16/08/2022,62520662549.07326
17/08/2022,63090465830.12952
18/08/2022,61943001295.90168
19/08/2022,61143749421.12902
20/08/2022,58059986489.14233
21/08/2022,57705094757.945335
22/08/2022,58573038915.05833
23/08/2022,58582932274.76041
24/08/2022,58785142540.017136
25/08/2022,58960060318.82873
26/08/2022,59051603211.4474
27/08/2022,56541647978.03886
28/08/2022,56203446784.93317
29/08/2022,55165564321.29052
30/08/2022,56809049447.055565
31/08/2022,56623887072.4397
01/09/2022,56284846437.812935
02/09/2022,56855830448.41153
03/09/2022,56611375195.94319
04/09/2022,56490772346.165146
05/09/2022,56457313211.92768
06/09/2022,57151438739.79241
07/09/2022,54665342800.78235
08/09/2022,55673018327.17485
09/09/2022,55714646623.564606
10/09/2022,57135666669.578575
11/09/2022,57854083907.08555
12/09/2022,57222021079.543686
13/09/2022,56538001332.04511
14/09/2022,53681981467.70645
15/09/2022,52677772612.61495
16/09/2022,51621273481.88395
17/09/2022,51893511785.929245
18/09/2022,52517673018.74908
19/09/2022,51000420514.40848
20/09/2022,51378267072.09776
21/09/2022,51247331599.43996
22/09/2022,50176148002.92244
23/09/2022,52588121111.08221
24/09/2022,52593087920.06347
25/09/2022,52118570629.02242
26/09/2022,51947201903.15303
27/09/2022,52607757873.18322
28/09/2022,52515090515.48575
29/09/2022,52767811587.8239
30/09/2022,52808832246.42708
01/10/2022,52662158213.43613
02/10/2022,53007097454.01365
03/10/2022,52477838444.308685
04/10/2022,53049220249.11257
05/10/2022,53553124767.30643
06/10/2022,53620407793.49062
07/10/2022,53499477657.41202
08/10/2022,52904581884.78358
09/10/2022,52662343476.65651
10/10/2022,52184189136.94175
11/10/2022,52051798122.0629
12/10/2022,52052635724.37444
13/10/2022,51735031557.0632
14/10/2022,51249651577.73048
15/10/2022,51228559152.27722
16/10/2022,51082213037.42998
17/10/2022,51500251814.5552
18/10/2022,51512057621.05692
19/10/2022,51313487145.9117
20/10/2022,50883848831.3073
21/10/2022,50330899586.88369
22/10/2022,50362915676.02085
23/10/2022,50450397718.55051
24/10/2022,51318187799.54763
25/10/2022,50750827636.26
26/10/2022,52424652705.37213
27/10/2022,53680573104.73926
28/10/2022,53018123606.01991
29/10/2022,53571009893.87865
30/10/2022,54450011682.78804
31/10/2022,54127235855.94704
01/11/2022,53583041388.033325
02/11/2022,52994983901.39789
03/11/2022,52632214481.226326
04/11/2022,52898385914.92809
05/11/2022,54763032150.08625
06/11/2022,54440694577.498566
07/11/2022,53508568076.31122
08/11/2022,53316802731.01597
09/11/2022,48194358244.97927
10/11/2022,42809663880.48952
11/11/2022,44579405644.5049
12/11/2022,43595434366.7996
13/11/2022,42889263416.21473
14/11/2022,42009166906.71745
15/11/2022,42110645941.48711
16/11/2022,42514852265.98041
17/11/2022,41851659761.77436
18/11/2022,41971636432.09064
19/11/2022,41865413192.47141
20/11/2022,41611268451.53139
21/11/2022,40384275490.44802
22/11/2022,40131797459.61723
23/11/2022,40128982069.78885
24/11/2022,40655898912.95523
25/11/2022,40404045880.2584
26/11/2022,40355024292.46717
27/11/2022,40858970886.03122
28/11/2022,40662717600.2621
29/11/2022,40000260436.74877
30/11/2022,40995204597.08163
01/12/2022,41544728033.5037
02/12/2022,41587289761.31249
03/12/2022,41041644112.31314
04/12/2022,41021791021.8071
05/12/2022,41655439720.547935
06/12/2022,41126576694.75658
07/12/2022,41503091113.64049
08/12/2022,41494351992.114975
09/12/2022,41643791302.816696
10/12/2022,41607102549.32699
11/12/2022,41849770689.060844
12/12/2022,41419386674.47608
13/12/2022,41383915504.4036
14/12/2022,41539612524.42662
15/12/2022,41448464325.793015
16/12/2022,40662668645.65708
17/12/2022,38833199703.94199
18/12/2022,39052257158.776855
19/12/2022,39166234566.22282
20/12/2022,35001407684.638
21/12/2022,35551210608.551315
22/12/2022,39164203187.052574
23/12/2022,39158357731.26298
24/12/2022,39130058821.78448
25/12/2022,39176350180.90271
26/12/2022,38800470077.58937
27/12/2022,38993681039.20359
28/12/2022,38788008177.5744
29/12/2022,38530422304.15248
30/12/2022,38529500328.72261
31/12/2022,38416958077.1929
01/01/2023,37960228393.462906
02/01/2023,38240092861.72902
03/01/2023,38444626141.81333
04/01/2023,38484722646.33826
05/01/2023,39128867061.31518
06/01/2023,39007498284.6527
07/01/2023,39085866686.42923
08/01/2023,39185736602.82581
09/01/2023,39919148125.17372
10/01/2023,40275700636.11714
11/01/2023,40472937910.76555
12/01/2023,41559024740.38152
13/01/2023,41835569017.86868
14/01/2023,43808445843.26184
15/01/2023,43789971424.13511
16/01/2023,44391596335.18576
17/01/2023,44429769461.96119
18/01/2023,44580898177.84287
19/01/2023,43601216972.82658
20/01/2023,44286694902.43753
21/01/2023,46220974006.09126
22/01/2023,46093794644.53057
23/01/2023,46277564410.87349
24/01/2023,46538479433.3049
25/01/2023,45805646211.82949
26/01/2023,46996373935.66691
27/01/2023,46702020525.05282
28/01/2023,47192320766.74819
29/01/2023,47036850608.87458
30/01/2023,48000899602.97668
31/01/2023,46493044878.08692
01/02/2023,46963846480.76882
02/02/2023,48682063073.948105
03/02/2023,48240843175.56819
04/02/2023,48425057673.36018
05/02/2023,48354708785.30955
06/02/2023,47940937847.8198
07/02/2023,47736812940.67858
08/02/2023,48921402036.32001
09/02/2023,48450764337.73646
10/02/2023,46335092738.84567
11/02/2023,46130527914.52377
12/02/2023,46636703386.805725
13/02/2023,46398988937.62529
14/02/2023,46047842679.32768
15/02/2023,46815398698.23851
16/02/2023,49562579758.76949
17/02/2023,48662052583.1666
18/02/2023,49919970881.71669
19/02/2023,50300454383.29929
20/02/2023,50005916124.76492
21/02/2023,50669944119.64112
22/02/2023,49633041869.2093
23/02/2023,49387147290.092255
24/02/2023,49347000355.0478
25/02/2023,48430958752.35512
26/02/2023,48166141535.58836
27/02/2023,49185335725.12402
28/02/2023,49192608005.09593
01/03/2023,48827505882.28246
02/03/2023,49765024425.557495
03/03/2023,49309536897.84789
04/03/2023,47726671534.00505
05/03/2023,47638615761.27935
06/03/2023,47780415121.58977
07/03/2023,47729538002.94407
08/03/2023,47525591029.73048
09/03/2023,46574369630.96536
10/03/2023,44314633438.99342
11/03/2023,43878064954.84818
12/03/2023,41784808917.75967
13/03/2023,45640579827.65801
14/03/2023,46588903167.701614
15/03/2023,46929363816.07295
16/03/2023,45758616396.23966
17/03/2023,45790081409.265305
18/03/2023,48184236695.21837
19/03/2023,47996689338.72983
20/03/2023,48302215195.56738
21/03/2023,48374310914.88397
22/03/2023,49187591232.12468
23/03/2023,48222097268.49297
24/03/2023,49289531740.20111
25/03/2023,48209512427.945015
26/03/2023,48095369244.770256
27/03/2023,48463776129.20199
28/03/2023,47587000214.43628
29/03/2023,48112807135.64919
30/03/2023,48764731978.21023
31/03/2023,48911259616.4904
01/04/2023,48808296789.24187
02/04/2023,49213063123.23178
03/04/2023,48826773093.3773
04/04/2023,48382039415.43241
05/04/2023,49623463865.49223
06/04/2023,49919728321.44348
07/04/2023,49546321174.66214
08/04/2023,49303614953.83482
09/04/2023,49405268865.41488
10/04/2023,49539699917.510216
11/04/2023,50325545430.81823
12/04/2023,50142610019.0187
13/04/2023,50202277547.610695
14/04/2023,52453392023.807175
15/04/2023,52489630115.56826
16/04/2023,52531341008.11189
17/04/2023,52169328611.76983
18/04/2023,51692364245.93799
19/04/2023,52405101279.16943
20/04/2023,50051339799.64452
21/04/2023,49510667987.36746
22/04/2023,47687792908.1468
23/04/2023,48013953966.12156
24/04/2023,47930723034.47029
25/04/2023,47488035940.07417
26/04/2023,48073440090.431046
27/04/2023,48758442226.43133
28/04/2023,48755270758.36864
29/04/2023,48327296177.40081
30/04/2023,48717823523.169945
01/05/2023,48245798904.49818
02/05/2023,47056980440.554726
03/05/2023,47545581775.61015
04/05/2023,48291882110.00035
05/05/2023,48336375984.061226
06/05/2023,49910028021.06952
07/05/2023,48610216492.063866
08/05/2023,48130920711.57428
09/05/2023,46892928983.90036
10/05/2023,47087812250.95795
11/05/2023,46711270415.99735
12/05/2023,44836756568.499565
13/05/2023,45937612586.510826
14/05/2023,45908147789.20992
15/05/2023,45858303681.58016
16/05/2023,46432713363.46839
17/05/2023,46482986071.6104
18/05/2023,46411663025.24999
19/05/2023,46123990327.57731
20/05/2023,46212980446.64469
21/05/2023,46747245362.879486
22/05/2023,46168291942.77998
23/05/2023,46489580550.98766
24/05/2023,47032891522.20634
25/05/2023,44535338396.86319
26/05/2023,45269238304.75245
27/05/2023,45313409654.21714
28/05/2023,45644120470.90084
29/05/2023,47446827015.72744
30/05/2023,47029598290.78851
31/05/2023,47271919637.73321
01/06/2023,45962914585.33625
02/06/2023,46101014784.07146
03/06/2023,46590523845.272125
04/06/2023,46258603127.91205
05/06/2023,46175410240.35002
06/06/2023,44443362251.53646
07/06/2023,45573042156.81694
08/06/2023,44726809719.837296
09/06/2023,44788330466.07399
10/06/2023,44201143478.68316
11/06/2023,38446727158.30924
12/06/2023,42579683197.8818
13/06/2023,42295526654.93527
14/06/2023,42504136117.81049
15/06/2023,41069354631.3687
16/06/2023,40891354313.41782
17/06/2023,41800848418.64286
18/06/2023,42009996666.990814
19/06/2023,42020969646.38875
20/06/2023,42289771840.6194
21/06/2023,43540750933.75868
22/06/2023,45095213627.25536
23/06/2023,44599674527.97783
24/06/2023,44854454255.33056
25/06/2023,44645272126.61403
26/06/2023,44981123648.71297
27/06/2023,44305144197.88845
28/06/2023,44724002171.558685
29/06/2023,43879431217.92598
30/06/2023,44349258215.33231
01/07/2023,45505769795.57019
02/07/2023,45428194982.77427
03/07/2023,45546712854.73712
04/07/2023,45794625314.05417
05/07/2023,45471654186.39523
06/07/2023,44945276232.16688
07/07/2023,43983955700.055695
08/07/2023,44416661459.48277
09/07/2023,44470648628.447685
10/07/2023,44380544779.78297
11/07/2023,44497760610.82243
12/07/2023,44620090283.3744
13/07/2023,44423476036.61536
14/07/2023,46176928383.37982
15/07/2023,45086256080.25078
16/07/2023,45244985628.39776
17/07/2023,44988998946.50102
18/07/2023,44746719763.52171
19/07/2023,44393662869.23351
20/07/2023,44120240564.46694
21/07/2023,44279228038.94746
22/07/2023,44200295751.984505
23/07/2023,43671518783.45335
24/07/2023,44006432759.87929
25/07/2023,43235788898.8456
26/07/2023,43073996405.619
27/07/2023,43293557451.86205
28/07/2023,43259583687.50562
29/07/2023,43560073407.20116
30/07/2023,43946449150.48621
31/07/2023,41744172038.27276
01/08/2023,41057687125.91118
02/08/2023,40552783231.94134
03/08/2023,39768638066.966415
04/08/2023,40196761127.2908
05/08/2023,40138300811.37608
06/08/2023,40258967237.011856
07/08/2023,40504783560.72
08/08/2023,41172051571.19132
09/08/2023,41690007328.75654
10/08/2023,41646109234.66002
11/08/2023,41972954938.07475
12/08/2023,42128326414.84989
13/08/2023,42143190994.34758
14/08/2023,42010206237.21517
15/08/2023,42027817242.010895
16/08/2023,41453184563.54551
17/08/2023,40523248878.53906
18/08/2023,38818752032.404976
19/08/2023,38490104020.35098
20/08/2023,36435514560.010185
21/08/2023,36261253481.45827
22/08/2023,36074116549.087074
23/08/2023,37806846659.03243
24/08/2023,38533826302.72055
25/08/2023,38270836654.436905
26/08/2023,38049275180.98955
27/08/2023,38025627972.75821
28/08/2023,38249142492.56786
29/08/2023,38232046787.10748
30/08/2023,39406597020.42509
31/08/2023,38919417564.01312
01/09/2023,38051994397.96331
02/09/2023,37896273944.189606
03/09/2023,37991929086.83715
04/09/2023,38085287336.71134
05/09/2023,37929129814.32706
06/09/2023,37884626072.10671
07/09/2023,38022987844.63122
08/09/2023,38404366139.76885
09/09/2023,38113379537.68094
10/09/2023,38049195944.80712
11/09/2023,37792290492.943855
12/09/2023,36356351555.52486
13/09/2023,37339606191.726746
14/09/2023,37694374996.68021
15/09/2023,37996915740.09063
16/09/2023,39157451324.03912
17/09/2023,38656265248.37883
18/09/2023,38740928156.27772
19/09/2023,38709423337.78081
20/09/2023,39200787566.40112
21/09/2023,38875573337.8163
22/09/2023,38163699682.15312
23/09/2023,38350882972.82267
24/09/2023,38291904753.45225
25/09/2023,37911510414.709496
26/09/2023,38104897631.39348
27/09/2023,37662158725.0375
28/09/2023,37824832006.99802
29/09/2023,38495398535.636536
30/09/2023,38603667200.84787
01/10/2023,38579885078.44044
02/10/2023,39547739220.63375
03/10/2023,38664830530.282005
04/10/2023,38362962820.08107
05/10/2023,38561510846.80372
06/10/2023,38199201850.2612
07/10/2023,38472396114.119896
08/10/2023,38410678406.79236
09/10/2023,38274485535.54872
10/10/2023,37514949855.58443
11/10/2023,36759855517.71565
12/10/2023,36720020372.164085
13/10/2023,34975933811.584145
14/10/2023,36744921731.33103
15/10/2023,36374300754.55052
16/10/2023,36849132096.22269
17/10/2023,37133419524.27413
18/10/2023,36703698790.303375
19/10/2023,36553462055.75597
20/10/2023,36435609203.23583
21/10/2023,37000163947.15814
22/10/2023,37662847916.74447
23/10/2023,38963649716.70836
24/10/2023,40729316232.93887
25/10/2023,40597071313.6598
26/10/2023,41417850189.47183
27/10/2023,41101067011.700806
28/10/2023,40379843207.26955
29/10/2023,41504717212.21462
30/10/2023,41554538412.04967
31/10/2023,42588160565.242
01/11/2023,41823333628.57265
02/11/2023,43171029966.55047
03/11/2023,42219204045.30475
04/11/2023,43229612019.52007
05/11/2023,43608162998.80151
06/11/2023,43580646352.932175
07/11/2023,43072730848.06946
08/11/2023,44148197857.80441
09/11/2023,43527087430.76437
10/11/2023,46968557883.76204
11/11/2023,45607555848.43646
12/11/2023,45510077913.82199
13/11/2023,46468512919.90882
14/11/2023,45664365601.94573
15/11/2023,45822933877.61194
16/11/2023,47134382557.33245
17/11/2023,45364307374.86104
18/11/2023,45456528683.14838
19/11/2023,45721565335.28111
20/11/2023,46792014469.52526
21/11/2023,47209781898.44704
22/11/2023,44972157190.36497
23/11/2023,47399137617.74876
24/11/2023,43990272411.13943
25/11/2023,47482653130.22627
26/11/2023,47402255997.73141
27/11/2023,47069268391.06602
28/11/2023,46589253145.30957
29/11/2023,47103510540.890045
30/11/2023,46961690608.05793
01/12/2023,47292532437.01458
02/12/2023,47500147217.60092
03/12/2023,48812488324.25105
04/12/2023,49735502151.56858
05/12/2023,50392365937.92849
06/12/2023,51558877180.69537
07/12/2023,50750650887.67666
08/12/2023,52291364978.004135
09/12/2023,53130561758.5018
10/12/2023,51134666611.57804
11/12/2023,50735601022.251785
12/12/2023,49344306326.471565
13/12/2023,49034822840.589066
14/12/2023,50277313636.29218
15/12/2023,51476845361.6313
16/12/2023,49770253491.78865
17/12/2023,50091255531.944496
18/12/2023,49500171367.66942
19/12/2023,50558325335.389305
20/12/2023,50110798428.91892
21/12/2023,51164416073.53492
22/12/2023,51808078015.83996
23/12/2023,52821478016.84634
24/12/2023,52866198939.408745
25/12/2023,52460844079.96402
26/12/2023,53966598706.68595
27/12/2023,53612054208.52034
28/12/2023,55760640850.151245
29/12/2023,54946129480.11376
30/12/2023,53900542140.0585
31/12/2023,54006230793.146416
01/01/2024,53781489728.93475
02/01/2024,55415967154.34081
03/01/2024,55856059210.08416
04/01/2024,51703242745.52012
05/01/2024,51624158508.6259
06/01/2024,53057523168.465775
07/01/2024,52604812425.18869
08/01/2024,52824711761.86104
09/01/2024,55129118560.98044
10/01/2024,55849045599.89532
11/01/2024,59139081363.92067
12/01/2024,59539633579.88121
13/01/2024,57340290894.80287
14/01/2024,58199657267.93871
15/01/2024,57186684284.3036
16/01/2024,56075225483.64515
17/01/2024,56914693800.357735
18/01/2024,56242504238.8889
19/01/2024,56278385522.6776
20/01/2024,56284554889.6488
21/01/2024,56649449529.46127
22/01/2024,56478490256.13552
23/01/2024,54415265058.55205
24/01/2024,53746730103.93487
25/01/2024,54161260944.8667
26/01/2024,53875300586.4579
27/01/2024,55505023932.53711
28/01/2024,55807210234.58554
29/01/2024,55785907697.985176
30/01/2024,56999874938.9059
31/01/2024,56473178049.73
01/02/2024,55703748931.93098
02/02/2024,56524609426.13156
03/02/2024,56845085079.09895
04/02/2024,56154616565.54395
05/02/2024,56085101153.946365
06/02/2024,57775741292.48671
07/02/2024,59571000714.10475
08/02/2024,60808680494.77558
09/02/2024,62056149071.88072
10/02/2024,63722327142.61108
11/02/2024,63930564192.637794
12/02/2024,64366608048.74568
13/02/2024,66948947360.20877
14/02/2024,66212939771.47887
15/02/2024,69259770817.08076
16/02/2024,69170338872.87968
17/02/2024,68859173035.02707
18/02/2024,68852087517.7152
19/02/2024,70769684260.85808
20/02/2024,71978453778.23473
21/02/2024,72346684126.11888
22/02/2024,71947246837.18153
23/02/2024,72062233576.4809
24/02/2024,70812204935.01576
25/02/2024,72725382263.4081
26/02/2024,74356095057.3038
27/02/2024,76586298397.54669
28/02/2024,78157047797.45914
29/02/2024,81486936400.13269
01/03/2024,80694943362.5261
02/03/2024,81593075658.30832
03/03/2024,81528285899.10352
04/03/2024,83425865511.44305
05/03/2024,85858183395.04842
06/03/2024,83492516094.4065
07/03/2024,88584047923.85635
08/03/2024,89658705760.2788
09/03/2024,90851635008.00972
10/03/2024,91675413744.9764
11/03/2024,91493891263.42863
12/03/2024,95893209028.33444
13/03/2024,94385083885.15823
14/03/2024,95884199001.38753
15/03/2024,93829028425.1501
16/03/2024,91159083571.70651
17/03/2024,86636914103.36311
18/03/2024,89603600421.66211
19/03/2024,87381557906.75204
20/03/2024,80255279456.72548
21/03/2024,88043848320.47249
22/03/2024,83814340007.47304
23/03/2024,81089357119.89876
24/03/2024,82294142715.93204
25/03/2024,88381209635.67657
26/03/2024,92737338356.0886
27/03/2024,92820586939.55978
28/03/2024,91440544042.59094
29/03/2024,93317799792.36488
30/03/2024,92839897450.46033
31/03/2024,92921253252.35995
01/04/2024,95281662634.97997
02/04/2024,92846469388.54643
03/04/2024,89144713206.71771
04/04/2024,90126590251.82796
05/04/2024,90878271500.7036
06/04/2024,90548607618.20029
07/04/2024,91446291942.07396
08/04/2024,93120625918.5299
09/04/2024,98341975720.84567
10/04/2024,95185659176.81004
11/04/2024,96137034865.65944
12/04/2024,96951604223.474
13/04/2024,89262605856.46913
14/04/2024,81862219520.72594
15/04/2024,86775713562.04428
16/04/2024,86636665050.94171
17/04/2024,85811751543.7444
18/04/2024,84164613361.48373
19/04/2024,86287406779.95784
20/04/2024,87261982480.8788
21/04/2024,89441264777.71227
22/04/2024,89833048164.0763
23/04/2024,91557785900.29512
24/04/2024,92071170313.69183
25/04/2024,89509508272.16936
26/04/2024,90570921677.88524
27/04/2024,89729883137.50533
28/04/2024,89617769100.15768
29/04/2024,91693431403.76878
30/04/2024,89241316129.02571
01/05/2024,84863203583.30199
02/05/2024,84833653159.96571
03/05/2024,86414328396.82796
04/05/2024,90509400992.66435
05/05/2024,91444718994.31436
06/05/2024,92333158795.06464
07/05/2024,91247930075.4917
08/05/2024,90208552121.35452
09/05/2024,88352530737.66312
10/05/2024,89659248015.81622
11/05/2024,88564982730.83998
12/05/2024,88715601350.14308
13/05/2024,89275223926.75468
14/05/2024,89605815919.18494
15/05/2024,88000512405.0619
16/05/2024,91982046013.85822
17/05/2024,91030958969.4741
18/05/2024,94036326125.87263
19/05/2024,94644449366.75244
20/05/2024,93827976207.09996
21/05/2024,104401658653.02992
22/05/2024,106359270396.82024
23/05/2024,106446248461.62749
24/05/2024,105494587590.2343
25/05/2024,105056719813.10228
26/05/2024,105610201993.64735
27/05/2024,108112552605.63896
28/05/2024,106901316017.16536
29/05/2024,105878893697.96825
30/05/2024,105024084250.84256
31/05/2024,104780686630.60306
01/06/2024,102751836770.05244
02/06/2024,102959673897.95818
03/06/2024,105778620387.22748
04/06/2024,105894190160.17412
05/06/2024,107500530961.9852
06/06/2024,108730568375.16289
07/06/2024,107876225869.06902
08/06/2024,104940455449.83945
09/06/2024,104346584279.41168
10/06/2024,104882070047.22368
11/06/2024,103568019405.53796
12/06/2024,100071731747.52116
13/06/2024,102166728554.27498
14/06/2024,97359998467.50256
15/06/2024,96675926983.90442
16/06/2024,101425661528.42592
17/06/2024,102327844232.73727
18/06/2024,99901489389.00696
19/06/2024,98729048201.68636
20/06/2024,99690365470.27228
21/06/2024,94491233014.5223
22/06/2024,98109854282.43228
23/06/2024,97983036972.54312
24/06/2024,92140247211.91988
25/06/2024,93668853288.37978
26/06/2024,95462992987.45029
27/06/2024,94438036616.524
28/06/2024,96347611072.78896
29/06/2024,94468380854.65884
30/06/2024,94716543585.94066
01/07/2024,96600835414.54312
02/07/2024,97296273935.79112
03/07/2024,96176283598.53062
04/07/2024,93468537744.53052
05/07/2024,89265087232.83075
06/07/2024,87209578299.90524
07/07/2024,88502810551.42155
08/07/2024,85805066229.19322
09/07/2024,87709611393.39183
10/07/2024,88551382607.6545
11/07/2024,89203241925.14774
12/07/2024,89647954342.58977
13/07/2024,90119684724.9927
14/07/2024,91449280371.04633
15/07/2024,94130485105.14496
16/07/2024,97296017383.09685
17/07/2024,97986260399.59698
18/07/2024,97142268191.8202
19/07/2024,97151662530.06122
20/07/2024,96989859885.00414
21/07/2024,100664535103.29791
22/07/2024,101527595120.39922
23/07/2024,100730892127.67236
24/07/2024,100608511695.06544
25/07/2024,97432496297.54788
26/07/2024,95679068478.88362
27/07/2024,98362967225.7216
28/07/2024,98734730478.07428
29/07/2024,98854222920.56256
30/07/2024,99753560641.76598
31/07/2024,98283903110.94244
01/08/2024,96529453918.36089
02/08/2024,95453759793.13245
03/08/2024,90926985466.0792
04/08/2024,88483460850.44778
05/08/2024,82508552017.49841
06/08/2024,77489014602.98085
07/08/2024,80218992038.34422
08/08/2024,77695290759.53392
09/08/2024,83647907063.6383
10/08/2024,84038987650.36385
11/08/2024,84416091472.34923
12/08/2024,82308778112.95195
13/08/2024,84157158242.45178
14/08/2024,85830739199.08115
15/08/2024,83877240808.96323
16/08/2024,82609249224.92773
17/08/2024,83688596887.35086
18/08/2024,83914686848.95154
19/08/2024,84720399197.90613
20/08/2024,84398065028.90799
21/08/2024,84304870463.43701
22/08/2024,85920620918.00958
23/08/2024,85549348949.74446
24/08/2024,89837263257.94539
25/08/2024,89395450020.0528
26/08/2024,89965825552.0647
27/08/2024,87373634252.0697
28/08/2024,82173227142.41486
29/08/2024,82613217404.9032
30/08/2024,82602388156.35214
31/08/2024,81514031352.7573
01/09/2024,81342137062.76328
02/09/2024,79588353556.95593
03/09/2024,81688632450.63963
04/09/2024,80534045568.78374
05/09/2024,80956812715.85695
06/09/2024,78784230528.32129
07/09/2024,74958554114.75763
08/09/2024,76255307215.40588
09/09/2024,77222640303.73573
10/09/2024,79439360750.34792
11/09/2024,79596115304.12222
12/09/2024,79266758380.65617
13/09/2024,79879394192.41324
14/09/2024,82592497002.19212
15/09/2024,81809112937.57985
16/09/2024,80486870142.17253
17/09/2024,78506146487.88307
18/09/2024,80303874084.46973
19/09/2024,80091509558.68674
20/09/2024,83215816823.36147
21/09/2024,85221802109.57796
22/09/2024,85767184097.39987
23/09/2024,85058703691.08594
24/09/2024,87177373511.6791
25/09/2024,87841815323.7743
26/09/2024,86118211394.01556
27/09/2024,88250213389.90765
28/09/2024,89479108435.87804
29/09/2024,88880331268.95816
30/09/2024,88977041468.35774
01/10/2024,87447683245.04771
02/10/2024,83638217345.36665
03/10/2024,81288542982.7122
04/10/2024,81050012465.05525
05/10/2024,83222935992.27484
06/10/2024,82837448064.50069
07/10/2024,82394634502.59726
08/10/2024,82850686474.86847
09/10/2024,81345402328.53896
10/10/2024,80319699368.27484
11/10/2024,80214538485.26909
12/10/2024,83028287745.86844
13/10/2024,84125016880.87314
14/10/2024,83827867840.88966
15/10/2024,87554339375.19394
16/10/2024,86551105169.90945
17/10/2024,86762937066.30467
18/10/2024,74990662741.9066
19/10/2024,75332501719.92006
20/10/2024,75682586446.24577
21/10/2024,77464004450.61139
22/10/2024,82891544974.8462
23/10/2024,84288626506.8206
24/10/2024,82319580740.27202
25/10/2024,83948322476.97435
26/10/2024,81889445442.90552
27/10/2024,82122068024.24788
28/10/2024,82216553219.47531
29/10/2024,83702743482.02545
30/10/2024,85671155139.09787
31/10/2024,86075125864.11859
01/11/2024,82876237151.20631
02/11/2024,82974508296.35774
03/11/2024,82276604685.0368
04/11/2024,82290173166.1689
05/11/2024,80536576000.08812
06/11/2024,82190469405.80014
07/11/2024,87291733815.31567
08/11/2024,97179912831.59294
09/11/2024,98549292247.39896
10/11/2024,97820831620.22702
11/11/2024,104568731604.50195
12/11/2024,109443174399.21655
13/11/2024,109385150303.7862
14/11/2024,107977131992.93352
15/11/2024,105395234811.67192
16/11/2024,107491490954.52472
17/11/2024,105817560574.16911
18/11/2024,107691627493.90216
19/11/2024,110834124691.6606
20/11/2024,109388332328.74434
21/11/2024,109216838334.70248
22/11/2024,116605822281.19511
23/11/2024,114140959211.63248
24/11/2024,116020355784.71368
25/11/2024,115485370768.49487
26/11/2024,117070005998.73096
27/11/2024,119665088460.2103
28/11/2024,119674668995.95863
