Date,USDT,Total
2021-03-31,40726398262.0,62708872525.0
2021-04-01,40828662356.0,62653313476.0
2021-04-02,40865229034.0,62753455523.0
2021-04-03,41813133068.0,66326744562.0
2021-04-04,42475840765.0,67006245269.0
2021-04-05,42516185636.0,67779481392.0
2021-04-06,42515783762.0,67580640921.0
2021-04-07,43138125471.0,68153585044.0
2021-04-08,43154970746.0,67657015716.0
2021-04-09,43907339890.0,68943267847.0
2021-04-10,43862141614.0,69291430648.0
2021-04-11,44526368624.0,70196029877.0
2021-04-12,44487838877.0,70211493670.0
2021-04-13,44632650834.0,70064006322.0
2021-04-14,45573928455.0,71370203774.0
2021-04-15,45913564175.0,72258629549.0
2021-04-16,46600660619.0,73425389222.0
2021-04-17,46916060116.0,75021699234.0
2021-04-18,48045154807.0,76583300125.0
2021-04-19,48468535908.0,78226600226.0
2021-04-20,48238258549.0,78160732453.0
2021-04-21,48839998447.0,79693954236.0
2021-04-22,49035875172.0,80462355124.0
2021-04-23,49709792710.0,81339046911.0
2021-04-24,49565105986.0,81110436148.0
2021-04-25,49429163167.0,81093705439.0
2021-04-26,50495015134.0,82828013867.0
2021-04-27,50207677416.0,82873590457.0
2021-04-28,50130509261.0,83226283669.0
2021-04-29,51191042585.0,84200753160.0
2021-04-30,51288699069.0,84712997365.0
2021-05-01,51250703448.0,85080463297.0
2021-05-02,51707716414.0,85786204876.0
2021-05-03,52025629416.0,86356657657.0
2021-05-04,52400207094.0,86884720513.0
2021-05-05,52464223020.0,87080358706.0
2021-05-06,52943892216.0,88459780914.0
2021-05-07,53755133296.0,89657087532.0
2021-05-08,55069674379.0,91148575376.0
2021-05-09,55408048002.0,91936389217.0
2021-05-10,55851545524.0,92646756699.0
2021-05-11,56507276804.0,93468383675.0
2021-05-12,56782319238.0,94167349990.0
2021-05-13,57835482256.0,95015782971.0
2021-05-14,57528528354.0,94984696040.0
2021-05-15,57947909871.0,95733046483.0
2021-05-16,58093086780.0,96077557705.0
2021-05-17,58576968140.0,97012261229.0
2021-05-18,58738180827.0,97402307995.0
2021-05-19,58110737322.0,96693386429.0
2021-05-20,57844223554.0,95171457055.0
2021-05-21,58735496391.0,97274138956.0
2021-05-22,58564538631.0,98713855473.0
2021-05-23,59938923543.0,100502953203.0
2021-05-24,59779237244.0,100667606221.0
2021-05-25,59974413991.0,101415941501.0
2021-05-26,60377436586.0,102068690116.0
2021-05-27,60804942594.0,103815885298.0
2021-05-28,61012074048.0,104110413961.0
2021-05-29,61385272171.0,105241532483.0
2021-05-30,61365485214.0,104705432493.0
2021-05-31,61679096604.0,105117250165.0
2021-06-01,61662124698.0,105603527629.0
2021-06-02,62255321142.0,106436585291.0
2021-06-03,61872692492.0,106179056305.0
2021-06-04,61854837885.0,106910590048.0
2021-06-05,62200460093.0,107436393221.0
2021-06-06,62382497245.0,107806644948.0
2021-06-07,62750580532.0,108586003564.0
2021-06-08,62462754560.0,107995723624.0
2021-06-09,62765369075.0,108791649440.0
2021-06-10,62776883637.0,109314598921.0
2021-06-11,63268937484.0,108978768000.0
2021-06-12,62856172114.0,108696194048.0
2021-06-13,63310778731.0,109318063091.0
2021-06-14,62701550948.0,109102421504.0
2021-06-15,62914263463.0,109353117969.0
2021-06-16,63136961739.0,109630736808.0
2021-06-17,62586960828.0,108448383047.0
2021-06-18,63099667999.0,109185075116.0
2021-06-19,62836933197.0,109307399461.0
2021-06-20,63288058373.0,109731602959.0
2021-06-21,62908463833.0,109949117820.0
2021-06-22,62259101772.0,109233074095.0
2021-06-23,63243411880.0,110518925638.0
2021-06-24,63237043450.0,110963608149.0
2021-06-25,63103671351.0,110881981031.0
2021-06-26,62814853079.0,111006648900.0
2021-06-27,63831367436.0,112150456558.0
2021-06-28,63352101913.0,111840836469.0
2021-06-29,63200162143.0,110998494039.0
2021-06-30,62688846708.0,110338704385.0
2021-07-01,63058339992.0,111111056995.0
2021-07-02,62867304022.0,111364878551.0
2021-07-03,63097998785.0,112143325473.0
2021-07-04,62976210905.0,112114086808.0
2021-07-05,61950092497.0,111077150666.0
2021-07-06,63035970991.0,112230087381.0
2021-07-07,62831570441.0,112413670952.0
2021-07-08,62489939152.0,112077076832.0
2021-07-09,62818585928.0,112896649563.0
2021-07-10,62806447336.0,112704094007.0
2021-07-11,62896499699.0,112922284657.0
2021-07-12,62507311613.0,112517680598.0
2021-07-13,62694192572.0,112806700639.0
2021-07-14,62883799620.0,112716390236.0
2021-07-15,62473711903.0,113000007673.0
2021-07-16,62590251633.0,113258082747.0
2021-07-17,62096593805.0,112011250228.0
2021-07-18,62387158566.0,112832841076.0
2021-07-19,62708628940.0,113588556976.0
2021-07-20,62425290225.0,112939060376.0
2021-07-21,62300830480.0,112980448472.0
2021-07-22,62429158871.0,113590328842.0
2021-07-23,62227283240.0,113332337007.0
2021-07-24,62239861018.0,113638803843.0
2021-07-25,62293560257.0,113847375496.0
2021-07-26,62214309621.0,114329347764.0
2021-07-27,62588951686.0,113893759895.0
2021-07-28,62503538466.0,114681696449.0
2021-07-29,61676379981.0,113919686972.0
2021-07-30,62325451426.0,114453480546.0
2021-07-31,62250404980.0,115161554161.0
2021-08-01,61991958446.0,114243228972.0
2021-08-02,62483056034.0,114449228905.0
2021-08-03,62301914372.0,114651825630.0
2021-08-04,62836162356.0,115250474211.0
2021-08-05,61623835820.0,113954929917.0
2021-08-06,62255097346.0,114688922218.0
2021-08-07,62393110690.0,115132359060.0
2021-08-08,62372231255.0,115428668031.0
2021-08-09,62625097626.0,115512088439.0
2021-08-10,62849532383.0,116126327978.0
2021-08-11,62640086076.0,116034324826.0
2021-08-12,63038626861.0,116315296970.0
2021-08-13,63340195620.0,116715572732.0
2021-08-14,63143592957.0,116418175152.0
2021-08-15,63513901496.0,116826252754.0
2021-08-16,63759596158.0,116991093216.0
2021-08-17,63937261841.0,116971827700.0
2021-08-18,64489591362.0,117383582649.0
2021-08-19,64546808592.0,117811180354.0
2021-08-20,65040976809.0,118861997120.0
2021-08-21,64826373396.0,117837129720.0
2021-08-22,65062359702.0,118058443043.0
2021-08-23,65690167126.0,118965832643.0
2021-08-24,65170459070.0,118369511878.0
2021-08-25,65575429059.0,118684153972.0
2021-08-26,65866552767.0,119083587220.0
2021-08-27,65427749144.0,118780455205.0
2021-08-28,66024263475.0,119579969520.0
2021-08-29,65955942015.0,119610198205.0
2021-08-30,65950472602.0,119528719036.0
2021-08-31,65855816916.0,119535728664.0
2021-09-01,66266354140.0,120274255110.0
2021-09-02,66123544218.0,120478758326.0
2021-09-03,66062624291.0,120537220089.0
2021-09-04,66730035258.0,121391967663.0
2021-09-05,66778170178.0,121647172689.0
2021-09-06,67228499319.0,122145556410.0
2021-09-07,67903500886.0,123087608607.0
2021-09-08,68184094814.0,123704191598.0
2021-09-09,69684185964.0,125778348235.0
2021-09-10,69703676974.0,126461327926.0
2021-09-11,69081096174.0,125431792132.0
2021-09-12,69425108014.0,126146151493.0
2021-09-13,70800211304.0,127613599518.0
2021-09-14,69652244315.0,126699187359.0
2021-09-15,69753426471.0,126953663745.0
2021-09-16,69479594351.0,126661138174.0
2021-09-17,69643498537.0,126987317657.0
2021-09-18,69941343681.0,127594982853.0
2021-09-19,69663266574.0,127401365789.0
2021-09-20,69848668132.0,127840959212.0
2021-09-21,69538476426.0,126368315363.0
2021-09-22,68543490649.0,125816260701.0
2021-09-23,69594569833.0,127742284838.0
2021-09-24,69615920997.0,128578996447.0
2021-09-25,69912382384.0,129578811490.0
2021-09-26,69890392747.0,130051109429.0
2021-09-27,69933851143.0,130474516670.0
2021-09-28,68807886691.0,128460123987.0
2021-09-29,69121079443.0,128843668304.0
2021-09-30,69822155273.0,130241785608.0
2021-10-01,69656553878.0,129881216478.0
2021-10-02,69225845065.0,129674230391.0
2021-10-03,69274392179.0,129674281658.0
2021-10-04,69264460391.0,130205261463.0
2021-10-05,69282221336.0,130191937522.0
2021-10-06,69199180756.0,130329942555.0
2021-10-07,68955045729.0,130443714100.0
2021-10-08,69290558719.0,130887363009.0
2021-10-09,69404405336.0,131422360107.0
2021-10-10,69400603293.0,131701794697.0
2021-10-11,69370965697.0,131803344226.0
2021-10-12,69993843399.0,133032585939.0
2021-10-13,69825068087.0,132338049762.0
2021-10-14,69998620735.0,132548135542.0
2021-10-15,69703575350.0,132558752031.0
2021-10-16,69649532671.0,132855291968.0
2021-10-17,70342594550.0,133259591304.0
2021-10-18,70116207186.0,133062973498.0
2021-10-19,70101000413.0,133035917154.0
2021-10-20,70207100409.0,132684566645.0
2021-10-21,70101972340.0,133455863898.0
2021-10-22,70308266231.0,133527559026.0
2021-10-23,70985309518.0,134463905903.0
2021-10-24,71156413504.0,134988709838.0
2021-10-25,71016596949.0,134642999160.0
2021-10-26,71106218837.0,134722820125.0
2021-10-27,70930271896.0,134347504495.0
2021-10-28,71031350874.0,134780430051.0
2021-10-29,71240827429.0,135613650463.0
2021-10-30,71453740694.0,136349380973.0
2021-10-31,71592501390.0,137146364982.0
2021-11-01,71151106006.0,136598580183.0
2021-11-02,71343989792.0,137180930893.0
2021-11-03,71675626811.0,138492183134.0
2021-11-04,72138348989.0,139176756244.0
2021-11-05,72667846010.0,139920440155.0
2021-11-06,73373158689.0,141093744237.0
2021-11-07,73245459836.0,140971129423.0
2021-11-08,74146540725.0,142141108824.0
2021-11-09,74814400683.0,143019428175.0
2021-11-10,74866137956.0,143703028759.0
2021-11-11,75453316594.0,144154269988.0
2021-11-12,75005773739.0,143820179882.0
2021-11-13,75396936892.0,145031398900.0
2021-11-14,75356712423.0,145509931166.0
2021-11-15,75694851198.0,146807440931.0
2021-11-16,74983334420.0,146063171738.0
2021-11-17,74756874546.0,146556350189.0
2021-11-18,75510814038.0,148346783223.0
2021-11-19,75026398216.0,147489154943.0
2021-11-20,74833172845.0,148419268743.0
2021-11-21,74744139921.0,149092293966.0
2021-11-22,74514891547.0,150309496652.0
2021-11-23,73944928320.0,149438130505.0
2021-11-24,73601617088.0,149413851052.0
2021-11-25,73521803149.0,150088759971.0
2021-11-26,73213226699.0,149772185286.0
2021-11-27,73765755990.0,150860133141.0
2021-11-28,74027458396.0,151588958686.0
2021-11-29,73926913074.0,152037801049.0
2021-11-30,74226709927.0,152665037219.0
2021-12-01,74140687485.0,153327739794.0
2021-12-02,75061046825.0,154996992116.0
2021-12-03,74706842540.0,154719354709.0
2021-12-04,75207273422.0,155602099117.0
2021-12-05,75268359324.0,156236276350.0
2021-12-06,76710772023.0,159071637611.0
2021-12-07,76477534132.0,158537787172.0
2021-12-08,77503393274.0,160343635059.0
2021-12-09,77327940869.0,160336639777.0
2021-12-10,77007636370.0,160383763425.0
2021-12-11,76589371223.0,159969573244.0
2021-12-12,77203492009.0,161238711243.0
2021-12-13,77315240613.0,161409297254.0
2021-12-14,77072384175.0,161046519231.0
2021-12-15,77621532543.0,162387797208.0
2021-12-16,77693695882.0,162438653131.0
2021-12-17,76990393274.0,161809452848.0
2021-12-18,77180613783.0,162510277269.0
2021-12-19,77302166682.0,163227565206.0
2021-12-20,77106216976.0,162715329871.0
2021-12-21,78073078092.0,165158285656.0
2021-12-22,77724617680.0,165096421805.0
2021-12-23,77558355094.0,165316878205.0
2021-12-24,77696182521.0,165841423924.0
2021-12-25,78110870912.0,166582525471.0
2021-12-26,78173529768.0,166735337923.0
2021-12-27,78284615079.0,166929277226.0
2021-12-28,78080158291.0,166414512680.0
2021-12-29,78221493637.0,166655577242.0
2021-12-30,78249704094.0,166473733641.0
2021-12-31,78546396905.0,167145437136.0
2022-01-01,78285795057.0,166186916350.0
2022-01-02,79221440895.0,168021568194.0
2022-01-03,78519284091.0,167121773969.0
2022-01-04,78463706371.0,167381171258.0
2022-01-05,78399020670.0,167386481783.0
2022-01-06,79010451803.0,168321758893.0
2022-01-07,78731693917.0,168148924288.0
2022-01-08,78662917120.0,167960163508.0
2022-01-09,78115986493.0,167366619503.0
2022-01-10,78013315604.0,167242147669.0
2022-01-11,78567706013.0,168545210190.0
2022-01-12,78587933730.0,168758854933.0
2022-01-13,78558341157.0,169655714415.0
2022-01-14,78314622138.0,169893348946.0
2022-01-15,78534580154.0,170176188178.0
2022-01-16,78306182759.0,170328963752.0
2022-01-17,78447166988.0,170725859835.0
2022-01-18,78610157322.0,171299366693.0
2022-01-19,78385189731.0,170866177251.0
2022-01-20,78299194807.0,171338612490.0
2022-01-21,78288450521.0,172039028313.0
2022-01-22,78087291157.0,171230092577.0
2022-01-23,78645401451.0,173404632451.0
2022-01-24,78308599642.0,172808759795.0
2022-01-25,79081112160.0,173938736653.0
2022-01-26,78381038515.0,173809851394.0
2022-01-27,78881207485.0,174946970897.0
2022-01-28,79272790832.0,175239597595.0
2022-01-29,78392905111.0,173825132099.0
2022-01-30,78614214636.0,174653215730.0
2022-01-31,78344633253.0,174206000537.0
2022-02-01,78189041987.0,174684030143.0
2022-02-02,78129638659.0,175232459094.0
2022-02-03,78189170812.0,175859781126.0
2022-02-04,78173472467.0,176807904616.0
2022-02-05,78494856290.0,178316507608.0
2022-02-06,78098419342.0,177215618086.0
2022-02-07,78191012280.0,177715395622.0
2022-02-08,78198022610.0,177926132149.0
2022-02-09,78153756696.0,178764264605.0
2022-02-10,78104522393.0,179253765378.0
2022-02-11,78645367858.0,180226422897.0
2022-02-12,78671184184.0,180819759509.0
2022-02-13,78688251091.0,180802383214.0
2022-02-14,78727491533.0,181010636433.0
2022-02-15,78649751658.0,180816686207.0
2022-02-16,78588216526.0,181432252535.0
2022-02-17,78792364015.0,181448192363.0
2022-02-18,78856527589.0,181670957504.0
2022-02-19,78760444315.0,182081397774.0
2022-02-20,79323933939.0,183089679278.0
2022-02-21,79245888320.0,182655400940.0
2022-02-22,79543397991.0,182971987962.0
2022-02-23,79340029396.0,183277375911.0
2022-02-24,79785993458.0,183645682567.0
2022-02-25,79723619291.0,184162003003.0
2022-02-26,79671989976.0,183607946045.0
2022-02-27,79876330282.0,184363225072.0
2022-02-28,80056936322.0,185078802456.0
2022-03-01,79546229975.0,184461692658.0
2022-03-02,79377169750.0,184571641773.0
2022-03-03,79952581892.0,184841854021.0
2022-03-04,79681343752.0,184573864350.0
2022-03-05,79967015588.0,184514063737.0
2022-03-06,79992861379.0,184743653799.0
2022-03-07,80167859615.0,184929301028.0
2022-03-08,79901321802.0,183905540467.0
2022-03-09,80083940400.0,184499214557.0
2022-03-10,80059723281.0,184979023454.0
2022-03-11,80121412741.0,185421718151.0
2022-03-12,80098386875.0,185387223847.0
2022-03-13,80113754857.0,185645451292.0
2022-03-14,80186381180.0,185871851086.0
2022-03-15,80048684548.0,185651082468.0
2022-03-16,80084070240.0,185566251166.0
2022-03-17,80154613074.0,185740262355.0
2022-03-18,80253502143.0,186461706655.0
2022-03-19,80638895127.0,187061382637.0
2022-03-20,80759114699.0,187259755429.0
2022-03-21,80803658691.0,187509277307.0
2022-03-22,80742375395.0,187467735945.0
2022-03-23,80813890280.0,187228933755.0
2022-03-24,80617717555.0,186598114379.0
2022-03-25,80896455674.0,186860043172.0
2022-03-26,81269316709.0,186426824454.0
2022-03-27,81265468997.0,186659059752.0
2022-03-28,81097512900.0,186556358500.0
2022-03-29,81163679752.0,186409486583.0
2022-03-30,81643742495.0,187252043730.0
2022-03-31,81880807976.0,188067789489.0
2022-04-01,82111240613.0,187587397275.0
2022-04-02,82128838509.0,188343486286.0
2022-04-03,82243436567.0,188009789130.0
2022-04-04,82445457405.0,187967587984.0
2022-04-05,82498155772.0,187746472632.0
2022-04-06,82484761060.0,187823763637.0
2022-04-07,82403860025.0,186946535360.0
2022-04-08,82527394584.0,187046905218.0
2022-04-09,82652739236.0,187356885811.0
2022-04-10,82660624852.0,187776558901.0
2022-04-11,82791093566.0,187750166090.0
2022-04-12,82713451635.0,186954216354.0
2022-04-13,83007878594.0,187244255867.0
2022-04-14,82866510722.0,186754399477.0
2022-04-15,82897672411.0,186825501697.0
2022-04-16,82809170080.0,186794575828.0
2022-04-17,82877296154.0,186793389351.0
2022-04-18,82885160812.0,186926159858.0
2022-04-19,82857636762.0,186739738134.0
2022-04-20,82759364479.0,186923736051.0
2022-04-21,83021462214.0,187051585235.0
2022-04-22,83171627191.0,187446602102.0
2022-04-23,83194560472.0,187780840578.0
2022-04-24,83282886230.0,188005576542.0
2022-04-25,83239619633.0,187874437106.0
2022-04-26,83153178313.0,187921679758.0
2022-04-27,83256289983.0,187429137122.0
2022-04-28,83141483801.0,187374680910.0
2022-04-29,83110772708.0,187237957338.0
2022-04-30,83330923492.0,187686131099.0
2022-05-01,83697405339.0,187960230214.0
2022-05-02,83382381193.0,187762987254.0
2022-05-03,83190931320.0,187480027365.0
2022-05-04,83331768886.0,187592173274.0
2022-05-05,83158740796.0,187103055513.0
2022-05-06,83302209355.0,187310821321.0
2022-05-07,83348085462.0,186530399840.0
2022-05-08,83491763869.0,186310973726.0
2022-05-09,83246318700.0,180859873042.0
2022-05-10,83173635948.0,177828603620.0
2022-05-11,82690895711.0,176872263794.0
2022-05-12,79485744715.0,160852333911.0
2022-05-13,79485744715.0,160409550267.0
2022-05-14,76734593140.0,159107341561.0
2022-05-15,75698673625.0,158562577149.0
2022-05-16,75711756793.0,158630385828.0
2022-05-17,75711756793.0,159980439327.0
2022-05-18,74158117512.0,158855299978.0
2022-05-19,74167175832.0,159079899920.0
2022-05-20,74181204620.0,159749208706.0
2022-05-21,73255957132.0,159005106336.0
2022-05-22,73221020878.0,159063967430.0
2022-05-23,73235565369.0,159161539215.0
2022-05-24,73228235215.0,159259641825.0
2022-05-25,73228235215.0,159416728340.0
2022-05-26,73227243445.0,159560729622.0
2022-05-27,73232594340.0,159183286805.0
2022-05-28,72499738788.0,158735690623.0
2022-05-29,72504086805.0,158916100481.0
2022-05-30,72535836322.0,158809737515.0
2022-05-31,72524933627.0,159331913071.0
2022-06-01,72526132987.0,159897248309.0
2022-06-02,72600188405.0,160851506974.0
2022-06-03,72528608901.0,159973325918.0
2022-06-04,72530075149.0,159960586966.0
2022-06-05,72519092421.0,159903998767.0
2022-06-06,72522497401.0,159912654114.0
2022-06-07,72410957660.0,159732343273.0
2022-06-08,72410957660.0,159613296972.0
2022-06-09,72425196492.0,159582119373.0
2022-06-10,72492367357.0,159653694621.0
2022-06-11,72499354970.0,159203694729.0
2022-06-12,72466892931.0,158920429574.0
2022-06-13,72291494924.0,158633137050.0
2022-06-14,71503808611.0,157356030147.0
2022-06-15,70822047451.0,156411579039.0
2022-06-16,69967166460.0,155616432658.0
2022-06-17,69174473605.0,155111522581.0
2022-06-18,68176552326.0,154565382630.0
2022-06-19,68130091450.0,154635372204.0
2022-06-20,67863629322.0,154409698394.0
2022-06-21,67447252726.0,153755847405.0
2022-06-22,66939363765.0,153874245499.0
2022-06-23,66962042573.0,153839319664.0
2022-06-24,66948998007.0,153419648195.0
2022-06-25,66841870663.0,153425649338.0
2022-06-26,66847066311.0,153641143550.0
2022-06-27,66856688413.0,153634116704.0
2022-06-28,66824445663.0,153370065515.0
2022-06-29,66791194933.0,153276270148.0
2022-06-30,66463748713.0,153126220199.0
2022-07-01,66279904942.0,153006547826.0
2022-07-02,66633563590.0,153718169557.0
2022-07-03,66637843079.0,153686272907.0
2022-07-04,66494818098.0,153575517380.0
2022-07-05,66451169903.0,153594066882.0
2022-07-06,66451655940.0,153480217949.0
2022-07-07,66446520644.0,153225714358.0
2022-07-08,66405902703.0,152994845311.0
2022-07-09,66471001674.0,153143654455.0
2022-07-10,66432311434.0,153133611042.0
2022-07-11,66465384770.0,153024746986.0
2022-07-12,66465384770.0,153192337454.0
2022-07-13,66426423702.0,152886026474.0
2022-07-14,66355380035.0,152894124421.0
2022-07-15,66317932148.0,152968997382.0
2022-07-16,66317932148.0,152418193765.0
2022-07-17,66349450274.0,152492103464.0
2022-07-18,66356009511.0,152591488945.0
2022-07-19,66333085532.0,152835604044.0
2022-07-20,66320333624.0,152760685586.0
2022-07-21,66323651600.0,152956061355.0
2022-07-22,66286857515.0,152893066648.0
2022-07-23,66292926498.0,153034332901.0
2022-07-24,66292365071.0,153142682116.0
2022-07-25,66296026642.0,153131521974.0
2022-07-26,66292001560.0,153102465921.0
2022-07-27,66310813115.0,153018712719.0
2022-07-28,66285540449.0,153100698404.0
2022-07-29,66382124061.0,152908808046.0
2022-07-30,66507130316.0,153031796284.0
2022-07-31,66651173201.0,153037602872.0
2022-08-01,66651613631.0,153035983784.0
2022-08-02,66759079429.0,153361695431.0
2022-08-03,66871041771.0,153298874552.0
2022-08-04,66870806792.0,153263719222.0
2022-08-05,66936675543.0,153184090207.0
2022-08-06,66929805958.0,153337975156.0
2022-08-07,66929805958.0,153354329840.0
2022-08-08,66917977720.0,153280093866.0
2022-08-09,66917222982.0,153047707774.0
2022-08-10,66963249874.0,153128155112.0
2022-08-11,67208611295.0,153368615806.0
2022-08-12,67359349669.0,153304756768.0
2022-08-13,67504940563.0,153126458925.0
2022-08-14,67744701896.0,153365484399.0
2022-08-15,67429026810.0,152766628799.0
2022-08-16,67581103763.0,153069427104.0
2022-08-17,67569730696.0,152938953561.0
2022-08-18,67551075729.0,152901448182.0
2022-08-19,67550349634.0,152717522399.0
2022-08-20,67548288243.0,152638002618.0
2022-08-21,67554275317.0,152551194997.0
2022-08-22,67546502387.0,152506058078.0
2022-08-23,67538125618.0,152304777589.0
2022-08-24,67538558573.0,152436139629.0
2022-08-25,67551360806.0,152470034628.0
2022-08-26,67637693999.0,152483821884.0
2022-08-27,67548174005.0,152572810560.0
2022-08-28,67554399518.0,152645371797.0
2022-08-29,67545982884.0,152418729117.0
2022-08-30,67548911675.0,152577398996.0
2022-08-31,67552813300.0,152897340428.0
2022-09-01,67551582890.0,152687974260.0
2022-09-02,67551756492.0,152634076309.0
2022-09-03,67550125170.0,152436553119.0
2022-09-04,67552573842.0,152465421732.0
2022-09-05,67549551675.0,152322535340.0
2022-09-06,67542196487.0,152222278089.0
2022-09-07,67547079304.0,152227122686.0
2022-09-08,67547199534.0,152331304147.0
2022-09-09,67550159729.0,152489963011.0
2022-09-10,67556610985.0,152597492595.0
2022-09-11,67676845587.0,152721274740.0
2022-09-12,67742707863.0,152719390312.0
2022-09-13,67821638257.0,152661944921.0
2022-09-14,67898772162.0,152667468310.0
2022-09-15,67883041497.0,152304415713.0
2022-09-16,67923689321.0,152070493630.0
2022-09-17,67923585946.0,151909674432.0
2022-09-18,67920776064.0,151998410833.0
2022-09-19,67923585944.0,151930481864.0
2022-09-20,67956589961.0,152073192097.0
2022-09-21,67966594001.0,152329446533.0
2022-09-22,67975491267.0,152169386442.0
2022-09-23,67951949274.0,152176563538.0
2022-09-24,67949388004.0,151975247610.0
2022-09-25,67950359007.0,151929488166.0
2022-09-26,67952625135.0,151646538388.0
2022-09-27,67951354338.0,150905064467.0
2022-09-28,67950364285.0,150779539363.0
2022-09-29,67947676809.0,150271401512.0
2022-09-30,67954353699.0,149787520913.0
2022-10-01,67948542706.0,148539337759.0
2022-10-02,67949182064.0,148544854541.0
2022-10-03,67944572025.0,148571527709.0
2022-10-04,67947697335.0,148352441296.0
2022-10-05,68074624852.0,148317564644.0
2022-10-06,68218492035.0,148387107610.0
2022-10-07,68226676713.0,148426094000.0
2022-10-08,68328206686.0,148586404791.0
2022-10-09,68376959555.0,148590821943.0
2022-10-10,68375298920.0,148578177736.0
2022-10-11,68420214759.0,148376646778.0
2022-10-12,68415641082.0,148265920212.0
2022-10-13,68415978378.0,147757651843.0
2022-10-14,68414880928.0,147335618913.0
2022-10-15,68427706686.0,146917876935.0
2022-10-16,68432883242.0,146902605561.0
2022-10-17,68432359085.0,146831148447.0
2022-10-18,68437706685.0,146631702641.0
2022-10-19,68451542494.0,146535978734.0
2022-10-20,68453576637.0,146442166465.0
2022-10-21,68447806562.0,146036538898.0
2022-10-22,68448256112.0,145836622564.0
2022-10-23,68452258966.0,145894793803.0
2022-10-24,68448613412.0,145932848930.0
2022-10-25,68478655756.0,145603948478.0
2022-10-26,68511756739.0,145487450969.0
2022-10-27,68727004424.0,145671993332.0
2022-10-28,68892878369.0,145588644797.0
2022-10-29,68977692179.0,145697336749.0
2022-10-30,69116157095.0,145800583633.0
2022-10-31,69271293754.0,145891327356.0
2022-11-01,69415082044.0,145471342302.0
2022-11-02,69338547020.0,145491915586.0
2022-11-03,69340998807.0,145357013194.0
2022-11-04,69352564431.0,145488791980.0
2022-11-05,69354720562.0,145675742477.0
2022-11-06,69437661896.0,145721807351.0
2022-11-07,69421840658.0,146080074392.0
2022-11-08,69518116385.0,147064702791.0
2022-11-09,69877980214.0,147353438781.0
2022-11-10,68208873249.0,145584325860.0
2022-11-11,68152740757.0,146011193463.0
2022-11-12,67271876433.0,145845452184.0
2022-11-13,66345381026.0,145133594040.0
2022-11-14,66291749922.0,144961558040.0
2022-11-15,65956265903.0,144772586272.0
2022-11-16,65894873297.0,144817790320.0
2022-11-17,65875492621.0,144395547499.0
2022-11-18,65888679588.0,144031584125.0
2022-11-19,65869148638.0,144220335276.0
2022-11-20,65841850776.0,144219693246.0
2022-11-21,65796033621.0,144283714371.0
2022-11-22,65431303413.0,143398357735.0
2022-11-23,65457735740.0,143399269945.0
2022-11-24,65274275864.0,142762966467.0
2022-11-25,65302197652.0,143013175431.0
2022-11-26,65335566807.0,142712132599.0
2022-11-27,65321148012.0,142888624277.0
2022-11-28,65316885047.0,142882375573.0
2022-11-29,65326687971.0,141837343349.0
2022-11-30,65256715971.0,141202650928.0
2022-12-01,65352829103.0,141055460292.0
2022-12-02,65359364386.0,140888449301.0
2022-12-03,65443085957.0,141152666595.0
2022-12-04,65495531803.0,141322104012.0
2022-12-05,65492257484.0,141427820997.0
2022-12-06,65572109061.0,141177510179.0
2022-12-07,65675363712.0,141038259652.0
2022-12-08,65672735697.0,140871482088.0
2022-12-09,65697842712.0,140809556620.0
2022-12-10,65698342212.0,140729314799.0
2022-12-11,65698342212.0,140775661478.0
2022-12-12,65698342212.0,140887494171.0
2022-12-13,65795364654.0,140581790132.0
2022-12-14,65977518212.0,140198710270.0
2022-12-15,65967147441.0,139982915335.0
2022-12-16,66030168212.0,140010817106.0
2022-12-17,66046429818.0,139549567258.0
2022-12-18,66160482663.0,139719537332.0
2022-12-19,66155190882.0,139740563280.0
2022-12-20,66203341240.0,139375823148.0
2022-12-21,66233093212.0,139125380524.0
2022-12-22,66237845405.0,138898694806.0
2022-12-23,66234588490.0,138756759545.0
2022-12-24,66237795405.0,138256388084.0
2022-12-25,66237795405.0,138304167852.0
2022-12-26,66237795405.0,138310439643.0
2022-12-27,66240744514.0,138295934549.0
2022-12-28,66220423316.0,137822087603.0
2022-12-29,66221318672.0,137840652811.0
2022-12-30,66231184474.0,137752673852.0
2022-12-31,66223237023.0,137624893970.0
2023-01-01,66237201876.0,137519424937.0
2023-01-02,66229859346.0,137617792793.0
2023-01-03,66233172164.0,137612837027.0
2023-01-04,66232840220.0,137280247923.0
2023-01-05,66236484982.0,137233317283.0
2023-01-06,66238632792.0,136939257421.0
2023-01-07,66243602677.0,136629523193.0
2023-01-08,66247923826.0,136766932842.0
2023-01-09,66275348317.0,136746589360.0
2023-01-10,66265138847.0,136499369543.0
2023-01-11,66263599730.0,136679718963.0
2023-01-12,66265897676.0,136747390005.0
2023-01-13,66270292018.0,136853220332.0
2023-01-14,66270814051.0,136603111301.0
2023-01-15,66354669258.0,136795244377.0
2023-01-16,66374033440.0,136967485520.0
2023-01-17,66485923929.0,136889143074.0
2023-01-18,66492831604.0,136432578203.0
2023-01-19,66477485276.0,136312925933.0
2023-01-20,66476820501.0,136266605217.0
2023-01-21,66484133025.0,136462938540.0
2023-01-22,66703495301.0,136743871755.0
2023-01-23,66765654159.0,136844211482.0
2023-01-24,66847055676.0,136682673134.0
2023-01-25,67039191545.0,136704349395.0
2023-01-26,67187728354.0,136999147691.0
2023-01-27,67335036407.0,137204467050.0
2023-01-28,67517343369.0,137033207797.0
2023-01-29,67639905326.0,137188893088.0
2023-01-30,67778453765.0,137142912171.0
2023-01-31,67806044005.0,136809912172.0
2023-02-01,67798826675.0,136888865930.0
2023-02-02,67815863019.0,136840193453.0
2023-02-03,68036211442.0,137112511412.0
2023-02-04,68028048893.0,136836061173.0
2023-02-05,68071573715.0,136861772733.0
2023-02-06,68073000195.0,136904307797.0
2023-02-07,68181990160.0,136780036515.0
2023-02-08,68184621866.0,136587733858.0
2023-02-09,68178436345.0,136454478240.0
2023-02-10,68187940008.0,136315462425.0
2023-02-11,68318922892.0,136321137602.0
2023-02-12,68388188510.0,136315613793.0
2023-02-13,68412500195.0,136259754211.0
2023-02-14,69157627122.0,136371742764.0
2023-02-15,69512709640.0,136228142452.0
2023-02-16,69794648104.0,135844447402.0
2023-02-17,70153203879.0,135972005209.0
2023-02-18,70286590658.0,135910328798.0
2023-02-19,70415905100.0,135928814456.0
2023-02-20,70415867086.0,135977774126.0
2023-02-21,70436679657.0,135648489855.0
2023-02-22,70461120891.0,135417305584.0
2023-02-23,70591325939.0,135154467341.0
2023-02-24,70688492884.0,135016094391.0
2023-02-25,70791940347.0,135004666915.0
2023-02-26,70846363789.0,135125003371.0
2023-02-27,70876378483.0,135046872355.0
2023-02-28,70919778481.0,134749561797.0
2023-03-01,70968174583.0,134609591576.0
2023-03-02,71063250396.0,134442042418.0
2023-03-03,71109533437.0,134614825436.0
2023-03-04,71356058935.0,134637292955.0
2023-03-05,71438255243.0,134726124421.0
2023-03-06,71479265039.0,134794924877.0
2023-03-07,71581963508.0,134590731659.0
2023-03-08,71722058691.0,134623231202.0
2023-03-09,71725958692.0,134516583844.0
2023-03-10,71792276224.0,134520331113.0
2023-03-11,72291373373.0,134164478267.0
2023-03-12,72120358309.0,131322686816.0
2023-03-13,73283028734.0,134868700999.0
2023-03-14,73183773107.0,133533866491.0
2023-03-15,73473760305.0,132406029825.0
2023-03-16,74692029566.0,132762235996.0
2023-03-17,75614823945.0,132857689343.0
2023-03-18,76554536232.0,132843877429.0
2023-03-19,76823190941.0,133225707271.0
2023-03-20,76635317270.0,132953586762.0
2023-03-21,77694409633.0,133256659236.0
2023-03-22,77893564136.0,133080726309.0
2023-03-23,78243089847.0,132908844951.0
2023-03-24,78871146827.0,133094888653.0
2023-03-25,79568045897.0,133399258490.0
2023-03-26,79711413324.0,133641451801.0
2023-03-27,79176880832.0,132781737227.0
2023-03-28,79528056028.0,132367643984.0
2023-03-29,79593057824.0,132004497748.0
2023-03-30,79633547900.0,131954024764.0
2023-03-31,79904009619.0,131960724465.0
2023-04-01,79766196973.0,131448563120.0
2023-04-02,79766196973.0,131374050373.0
2023-04-03,79955101474.0,131596769616.0
2023-04-04,80061128106.0,132152960574.0
2023-04-05,80077211664.0,131518138958.0
2023-04-06,80180533983.0,131453566476.0
2023-04-07,80268223491.0,131663439392.0
2023-04-08,80273380845.0,131672615524.0
2023-04-09,80363594033.0,131860843516.0
2023-04-10,80203187657.0,131546555104.0
2023-04-11,80503925004.0,131649630139.0
2023-04-12,80523709558.0,131592625693.0
2023-04-13,80731588297.0,131515441933.0
2023-04-14,80999225951.0,131633762219.0
2023-04-15,81058254514.0,131581950067.0
2023-04-16,80994375051.0,131472949945.0
2023-04-17,80923461589.0,131393520008.0
2023-04-18,81133975239.0,131266292337.0
2023-04-19,81164195713.0,130995389302.0
2023-04-20,81372689700.0,131034677048.0
2023-04-21,81397398449.0,130863079796.0
2023-04-22,80620559312.0,129649603608.0
2023-04-23,81512950158.0,130526165328.0
2023-04-24,81522960158.0,130560163236.0
2023-04-25,81609928404.0,130493682367.0
2023-04-26,81566488286.0,130323765449.0
2023-04-27,81825900442.0,130488585298.0
2023-04-28,81768396221.0,130291739315.0
2023-04-29,81851142869.0,130174663572.0
2023-04-30,81779465088.0,130114579151.0
2023-05-01,81789475092.0,130148960309.0
2023-05-02,81872638699.0,130481000700.0
2023-05-03,82018490828.0,130506876898.0
2023-05-04,82057450732.0,130101819805.0
2023-05-05,82052222893.0,129968858339.0
2023-05-06,82232217802.0,130468266683.0
2023-05-07,82237227797.0,130388236483.0
2023-05-08,82058136655.0,130222530151.0
2023-05-09,82407679458.0,130308177936.0
2023-05-10,82630992515.0,130437223272.0
2023-05-11,82681713715.0,130286189817.0
2023-05-12,82795872918.0,130207346192.0
2023-05-13,82949452973.0,130248400195.0
2023-05-14,82866669088.0,130220164358.0
2023-05-15,82887081554.0,130215577955.0
2023-05-16,82892086547.0,130126476682.0
2023-05-17,82914914794.0,129948451598.0
2023-05-18,82840018135.0,129680851592.0
2023-05-19,82843573932.0,129805372363.0
2023-05-20,82895728300.0,129678578671.0
2023-05-21,82983629023.0,129804486532.0
2023-05-22,82905728289.0,129698431969.0
2023-05-23,82949208885.0,129583044274.0
2023-05-24,83096587524.0,129511722389.0
2023-05-25,83049248000.0,129111922640.0
2023-05-26,83047999631.0,129089533688.0
2023-05-27,83098239535.0,129081257575.0
2023-05-28,83085039920.0,129114049028.0
2023-05-29,83186342769.0,129164197202.0
2023-05-30,83078793317.0,129147336489.0
2023-05-31,83135276538.0,129103093125.0
2023-06-01,83281686114.0,129051590420.0
2023-06-02,83222845215.0,128980087574.0
2023-06-03,83211773718.0,129014509680.0
2023-06-04,83133645068.0,128928905623.0
2023-06-05,83138645060.0,128971090973.0
2023-06-06,83195143057.0,128834065429.0
2023-06-07,83264482931.0,128692321876.0
2023-06-08,83360868858.0,128564594212.0
2023-06-09,83464345326.0,128484855371.0
2023-06-10,83329997419.0,127994063540.0
2023-06-11,83427007721.0,128128049749.0
2023-06-12,83432012721.0,128185887888.0
2023-06-13,83462067412.0,127899589136.0
2023-06-14,83505217924.0,127761858807.0
2023-06-15,83539459054.0,127538090713.0
2023-06-16,83411982191.0,128339869137.0
2023-06-17,83491500891.0,128529497592.0
2023-06-18,83138397964.0,128192160384.0
2023-06-19,83124427752.0,128189070157.0
2023-06-20,83123427433.0,128303606587.0
2023-06-21,83416435930.0,128853893946.0
2023-06-22,83139152980.0,128391939792.0
2023-06-23,83120533427.0,128374355748.0
2023-06-24,83126689056.0,128448417370.0
2023-06-25,83355547655.0,128740704903.0
2023-06-26,83168628702.0,128507141395.0
2023-06-27,83214509943.0,128458461873.0
2023-06-28,83472308355.0,128514286355.0
2023-06-29,83218925627.0,128008184243.0
2023-06-30,83343774906.0,127953404936.0
2023-07-01,83320859006.0,127354395956.0
2023-07-02,83303778230.0,127325112840.0
2023-07-03,83307610989.0,127368301956.0
2023-07-04,83331873579.0,127551159872.0
2023-07-05,83333734068.0,127670065650.0
2023-07-06,83295588022.0,127499274481.0
2023-07-07,83286152715.0,127101676480.0
2023-07-08,83421106762.0,127100067632.0
2023-07-09,83337768983.0,127059353135.0
2023-07-10,83266954932.0,126946752339.0
2023-07-11,83307041104.0,126859998158.0
2023-07-12,83352634014.0,126705733199.0
2023-07-13,83357216574.0,126578628959.0
2023-07-14,83496653252.0,126849058496.0
2023-07-15,83676595996.0,126852204773.0
2023-07-16,83701143467.0,126898866147.0
2023-07-17,83628525930.0,126817459504.0
2023-07-18,83729629319.0,126648869901.0
2023-07-19,83784430445.0,126592704219.0
2023-07-20,83730306939.0,126314327049.0
2023-07-21,83798446907.0,126269848924.0
2023-07-22,83775338994.0,126118437981.0
2023-07-23,83864119328.0,126115839552.0
2023-07-24,83780338989.0,126018493094.0
2023-07-25,83776962706.0,125818834283.0
2023-07-26,83789146039.0,125724676093.0
2023-07-27,83878723305.0,125694618833.0
2023-07-28,83796155530.0,125541403827.0
2023-07-29,83803836403.0,125380733216.0
2023-07-30,83774337453.0,125621766374.0
2023-07-31,83797285742.0,125500829743.0
2023-08-01,83866668319.0,125433947720.0
2023-08-02,83857171498.0,125219048686.0
2023-08-03,83855454636.0,125039775682.0
2023-08-04,83835156582.0,124786059162.0
2023-08-05,83742625107.0,124536284906.0
2023-08-06,83792031429.0,124568487919.0
2023-08-07,83734320818.0,124520340580.0
2023-08-08,83452899346.0,124384739145.0
2023-08-09,83477652370.0,124606649768.0
2023-08-10,83389373846.0,124524019655.0
2023-08-11,83359474018.0,124267413893.0
2023-08-12,83321948337.0,124165658559.0
2023-08-13,83342878723.0,124275087815.0
2023-08-14,83343295663.0,124309824788.0
2023-08-15,83328343478.0,123861470663.0
2023-08-16,83082121071.0,123563956345.0
2023-08-17,82820995155.0,123251418486.0
2023-08-18,82740286529.0,123226282648.0
2023-08-19,82788657219.0,122874532246.0
2023-08-20,82747742356.0,123092364264.0
2023-08-21,82823608782.0,123211964863.0
2023-08-22,82826097691.0,124271329719.0
2023-08-23,82815209561.0,124165174022.0
2023-08-24,82798717222.0,124207768867.0
2023-08-25,82826258267.0,124269652017.0
2023-08-26,82810006505.0,124313928912.0
2023-08-27,82751198109.0,124325859576.0
2023-08-28,82773976009.0,124438052692.0
2023-08-29,82781936003.0,124496158121.0
2023-08-30,82836705499.0,124934953105.0
2023-08-31,82826068346.0,125060647530.0
2023-09-01,82765281894.0,125070838037.0
2023-09-02,82861296695.0,125063275080.0
2023-09-03,82877292012.0,125056785679.0
2023-09-04,82877292012.0,125092853058.0
2023-09-05,82848493517.0,124834216809.0
2023-09-06,82879652237.0,124376307333.0
2023-09-07,82865513708.0,124190593353.0
2023-09-08,82821764818.0,123966045480.0
2023-09-09,82961584342.0,124091457840.0
2023-09-10,82981419758.0,124162297110.0
2023-09-11,83076364174.0,124331545973.0
2023-09-12,82977303932.0,124094784890.0
2023-09-13,83001549694.0,124241992167.0
2023-09-14,83006535445.0,124256675900.0
2023-09-15,83019048237.0,124226815853.0
2023-09-16,83019048236.0,124099088484.0
2023-09-17,83019048236.0,124198370671.0
2023-09-18,83019048236.0,124222350734.0
2023-09-19,83041508687.0,124164631568.0
2023-09-20,83222641103.0,124279356254.0
2023-09-21,83160240300.0,124265717840.0
2023-09-22,83076676547.0,124191279001.0
2023-09-23,83178483701.0,124273843773.0
2023-09-24,83180866470.0,124286945359.0
2023-09-25,83180866470.0,124331836604.0
2023-09-26,83185008082.0,124112119329.0
2023-09-27,83202933855.0,124003664158.0
2023-09-28,83248340765.0,123928346644.0
2023-09-29,83253698407.0,124116290695.0
2023-09-30,83160754105.0,123671535583.0
2023-10-01,83232172676.0,123786571541.0
2023-10-02,83220106101.0,123817471351.0
2023-10-03,83317986709.0,123990220078.0
2023-10-04,83342217736.0,123838525830.0
2023-10-05,83344022138.0,123704593115.0
2023-10-06,83463049860.0,123885975071.0
2023-10-07,83496479909.0,124142995500.0
2023-10-08,83451566842.0,124131655652.0
2023-10-09,83535018409.0,124196231043.0
2023-10-10,83555541131.0,124244798819.0
2023-10-11,83475174845.0,123940704959.0
2023-10-12,83489452588.0,123707191014.0
2023-10-13,83444883298.0,123492497653.0
2023-10-14,83493443404.0,123490660609.0
2023-10-15,83501125784.0,123543235298.0
2023-10-16,83503204953.0,123612134648.0
2023-10-17,83502236079.0,123676041695.0
2023-10-18,83658558996.0,123867607847.0
2023-10-19,83875799695.0,124087096120.0
2023-10-20,83902581464.0,124681242546.0
2023-10-21,84214389454.0,124580787883.0
2023-10-22,84131359672.0,124553696352.0
2023-10-23,84142359672.0,124518197374.0
2023-10-24,84432650361.0,124811782633.0
2023-10-25,84180828367.0,124041806047.0
2023-10-26,84453054592.0,124442261743.0
2023-10-27,84487655718.0,124436245242.0
2023-10-28,84515238111.0,124163562809.0
2023-10-29,84515238111.0,124176742969.0
2023-10-30,84599753349.0,124298939838.0
2023-10-31,84649163106.0,124100494231.0
2023-11-01,84767046575.0,123994990682.0
2023-11-02,84934312447.0,124262066902.0
2023-11-03,85137597197.0,124148625392.0
2023-11-04,85415214029.0,124526210689.0
2023-11-05,85425224028.0,124679641548.0
2023-11-06,85453352126.0,124745114331.0
2023-11-07,85712109690.0,124786798740.0
2023-11-08,86145267070.0,125126413730.0
2023-11-09,86236089163.0,125079916342.0
2023-11-10,86489374731.0,125210602333.0
2023-11-11,86738442408.0,125498633730.0
2023-11-12,86757241924.0,125557045561.0
2023-11-13,86754712796.0,125569715718.0
2023-11-14,87136449207.0,125730181534.0
2023-11-15,87258995824.0,125585247255.0
2023-11-16,87364348945.0,125915403573.0
2023-11-17,87589526057.0,126247512873.0
2023-11-18,87650408687.0,126433260773.0
2023-11-19,87753374396.0,126595599850.0
2023-11-20,87688283686.0,126583154285.0
2023-11-21,88087213780.0,127051185395.0
2023-11-22,88369058838.0,127137708091.0
2023-11-23,88438827710.0,127163913951.0
2023-11-24,88486990065.0,127153225396.0
2023-11-25,88772134256.0,127784796701.0
2023-11-26,88789651756.0,127764670020.0
2023-11-27,88755950804.0,127734036246.0
2023-11-28,88897224190.0,127572073055.0
2023-11-29,89140885871.0,127867921464.0
2023-11-30,89343105329.0,127947609693.0
2023-12-01,89317080453.0,128044560081.0
2023-12-02,89499174101.0,128205967596.0
2023-12-03,89569124098.0,128271376032.0
2023-12-04,89709343821.0,128391571788.0
2023-12-05,89771965681.0,128200817198.0
2023-12-06,90095805311.0,128477174044.0
2023-12-07,90040209002.0,128504496191.0
2023-12-08,90228000442.0,128489848181.0
2023-12-09,90307767897.0,128675100265.0
2023-12-10,90561569096.0,128999079838.0
2023-12-11,90501094898.0,128966207420.0
2023-12-12,90788011889.0,128766026538.0
2023-12-13,90528056603.0,128124647730.0
2023-12-14,90565337799.0,128547059625.0
2023-12-15,90750575813.0,128808911427.0
2023-12-16,90757848534.0,129052771378.0
2023-12-17,90814015237.0,129209866107.0
2023-12-18,90789021963.0,129164747827.0
2023-12-19,90706337371.0,129117004244.0
2023-12-20,90852195037.0,129565754679.0
2023-12-21,90997478400.0,129915080613.0
2023-12-22,91042674797.0,129898379876.0
2023-12-23,91166134358.0,130245518865.0
2023-12-24,91324167292.0,130413469278.0
2023-12-25,91276455285.0,130352980623.0
2023-12-26,91298065200.0,130314099671.0
2023-12-27,91315534130.0,130002554879.0
2023-12-28,91518442108.0,130457739591.0
2023-12-29,91497677422.0,130277806151.0
2023-12-30,91743380100.0,130373198049.0
2023-12-31,91768770464.0,130275014493.0
2024-01-01,91665918562.0,130009537492.0
2024-01-02,91957173752.0,130533494916.0
2024-01-03,92020117112.0,130666279301.0
2024-01-04,92356526357.0,131204458186.0
2024-01-05,92873224702.0,131892013027.0
2024-01-06,93320401318.0,132305017373.0
2024-01-07,93621529319.0,132682424305.0
2024-01-08,93585145320.0,132610023940.0
2024-01-09,94057456783.0,132887656201.0
2024-01-10,94228636696.0,132853555269.0
2024-01-11,94685834131.0,133316057365.0
2024-01-12,94980329573.0,133635371353.0
2024-01-13,94942211254.0,132986279964.0
2024-01-14,94959118221.0,133622000939.0
2024-01-15,95077941897.0,133782217037.0
2024-01-16,95014535787.0,133467228274.0
2024-01-17,95068943281.0,133440882366.0
2024-01-18,95040194578.0,133971720540.0
2024-01-19,94924423335.0,133318755921.0
2024-01-20,94907011924.0,132944861447.0
2024-01-21,94845722752.0,133029852274.0
2024-01-22,94791054938.0,133431291024.0
2024-01-23,94865026114.0,133603145750.0
2024-01-24,95659508140.0,134396125263.0
2024-01-25,95512228464.0,134234120550.0
2024-01-26,95543581705.0,134422711046.0
2024-01-27,95967218711.0,134645108372.0
2024-01-28,95969099987.0,134718281610.0
2024-01-29,96019704040.0,134779149569.0
2024-01-30,96040095474.0,135101672253.0
2024-01-31,96140512112.0,134914621265.0
2024-02-01,96000234428.0,134949559978.0
2024-02-02,96305147414.0,135321007377.0
2024-02-03,96202494292.0,135295450204.0
2024-02-04,96135237584.0,135253141224.0
2024-02-05,96181869124.0,135330334335.0
2024-02-06,96064849275.0,135174564248.0
2024-02-07,96080918392.0,135515590782.0
2024-02-08,96269428997.0,135836864897.0
2024-02-09,96289571761.0,136134013207.0
2024-02-10,96208378383.0,136358964267.0
2024-02-11,96425207261.0,136629803945.0
2024-02-12,96558720640.0,136858506165.0
2024-02-13,96637770433.0,136453562354.0
2024-02-14,96787758381.0,136638350527.0
2024-02-15,97336247917.0,137599528654.0
2024-02-16,97304868931.0,137431425291.0
2024-02-17,97634647604.0,137787161481.0
2024-02-18,97742174104.0,137975412867.0
2024-02-19,97664260351.0,137870938641.0
2024-02-20,97666842000.0,137876864938.0
2024-02-21,97787711855.0,137976488209.0
2024-02-22,97712632144.0,138006791207.0
2024-02-23,97751167575.0,138367023427.0
2024-02-24,97897857760.0,138986951043.0
2024-02-25,97836769496.0,138745136061.0
2024-02-26,97888948753.0,138859175419.0
2024-02-27,98076466747.0,139313373236.0
2024-02-28,98378060190.0,139891817464.0
2024-02-29,98654376826.0,140366025946.0
2024-03-01,98932984696.0,140874111411.0
2024-03-02,99272633719.0,141309649405.0
2024-03-03,99422260259.0,141403507315.0
2024-03-04,99724901849.0,141791252327.0
2024-03-05,100238894972.0,141940331800.0
2024-03-06,100534835759.0,142189882282.0
2024-03-07,100622511924.0,142419009700.0
2024-03-08,101241417082.0,142940959174.0
2024-03-09,101789628700.0,144227559662.0
2024-03-10,102016381296.0,144520643714.0
2024-03-11,102012255784.0,144659561849.0
2024-03-12,102367141199.0,145399605387.0
2024-03-13,102759639775.0,145647153062.0
2024-03-14,103227274219.0,146661226359.0
2024-03-15,103463082823.0,146933160110.0
2024-03-16,103514693506.0,146704794263.0
2024-03-17,103506480428.0,146833582048.0
2024-03-18,103368853847.0,146501070602.0
2024-03-19,103656755951.0,147334550829.0
2024-03-20,104078947607.0,147588515793.0
2024-03-21,103892152366.0,147076036064.0
2024-03-22,104146152650.0,147872608433.0
2024-03-23,103950511982.0,147965276891.0
2024-03-24,104101505605.0,148300012678.0
2024-03-25,103871776944.0,148128185161.0
2024-03-26,104231823342.0,149463192355.0
2024-03-27,104350179944.0,149756175203.0
2024-03-28,104542722577.0,149719387362.0
2024-03-29,104488442732.0,149967732457.0
2024-03-30,104467632908.0,150161995470.0
2024-03-31,104593960679.0,150399880273.0
2024-04-01,104430769909.0,150140764829.0
2024-04-02,104583887620.0,150558301368.0
2024-04-03,105162325065.0,151202687818.0
2024-04-04,106235038539.0,152583554762.0
2024-04-05,106577367562.0,153463310035.0
2024-04-06,106897421348.0,154467424744.0
2024-04-07,106876390717.0,154594968236.0
2024-04-08,106813371160.0,154369002633.0
2024-04-09,106940561216.0,154394441728.0
2024-04-10,107111455988.0,154183658036.0
2024-04-11,107193158226.0,153890821426.0
2024-04-12,107384743432.0,154481614642.0
2024-04-13,107437724782.0,154673852798.0
2024-04-14,107634212916.0,155276236997.0
2024-04-15,107695174387.0,155308031330.0
2024-04-16,108172906462.0,155850178160.0
2024-04-17,108850326877.0,156844179209.0
2024-04-18,109037057960.0,154553610700.0
2024-04-19,109626703875.0,157784199807.0
2024-04-20,109818107184.0,156459195020.0
2024-04-21,109834873894.0,156572258382.0
2024-04-22,109770538268.0,158748330372.0
2024-04-23,110176193831.0,159201453011.0
2024-04-24,110322541426.0,159236870427.0
2024-04-25,110356203973.0,159776959967.0
2024-04-26,110338434563.0,159812185835.0
2024-04-27,110235570648.0,159602166257.0
2024-04-28,110245517579.0,159779725245.0
2024-04-29,110265964617.0,159771704825.0
2024-04-30,110324811294.0,159494714375.0
2024-05-01,110376575387.0,159650233318.0
2024-05-02,110209255303.0,159282663703.0
2024-05-03,110314646299.0,159338586288.0
2024-05-04,110613549804.0,159987331210.0
2024-05-05,110745496055.0,160199002606.0
2024-05-06,110636188433.0,160397982326.0
2024-05-07,110932445060.0,160218094866.0
2024-05-08,110782806360.0,159959718456.0
2024-05-09,110741959662.0,159854295049.0
2024-05-10,110736343640.0,159901035728.0
2024-05-11,110519575313.0,159688546524.0
2024-05-12,110603634065.0,159820340908.0
2024-05-13,110573815188.0,159775001377.0
2024-05-14,110595556329.0,159990638894.0
2024-05-15,110662498986.0,159640733655.0
2024-05-16,110717237401.0,160218304171.0
2024-05-17,110899115803.0,160357409980.0
2024-05-18,111016525058.0,160514840608.0
2024-05-19,111124893148.0,160946757117.0
2024-05-20,111128449259.0,160899111711.0
2024-05-21,111052418306.0,160593886129.0
2024-05-22,111409831620.0,160674434817.0
2024-05-23,111427321786.0,160623146072.0
2024-05-24,111572269413.0,160426570280.0
2024-05-25,111550949298.0,160862526097.0
2024-05-26,111588108133.0,160858385084.0
2024-05-27,111560113627.0,160560711422.0
2024-05-28,111500832530.0,160480528243.0
2024-05-29,111440850787.0,160113729028.0
2024-05-30,111469246211.0,159775222464.0
2024-05-31,111547940808.0,160192050226.0
2024-06-01,111670666791.0,160312572699.0
2024-06-02,111742411880.0,160365607024.0
2024-06-03,111768176445.0,160269623134.0
2024-06-04,112253386803.0,160458133330.0
2024-06-05,112246152774.0,160734726847.0
2024-06-06,112315084780.0,160817911290.0
2024-06-07,112350781269.0,161051664674.0
2024-06-08,112364113019.0,161355775395.0
2024-06-09,112352062755.0,161530681162.0
2024-06-10,112352057250.0,161449826464.0
2024-06-11,112400182740.0,161163435754.0
2024-06-12,112403196183.0,160988215084.0
2024-06-13,112392502753.0,161246080009.0
2024-06-14,112360161557.0,161327505934.0
2024-06-15,112438892495.0,161379595381.0
2024-06-16,112404705952.0,161245016086.0
2024-06-17,112469528689.0,161345709381.0
2024-06-18,112434908442.0,161040337459.0
2024-06-19,112429308678.0,161491781266.0
2024-06-20,112422743974.0,161185301211.0
2024-06-21,112727670160.0,161377011927.0
2024-06-22,112768729394.0,161653055315.0
2024-06-23,112745185060.0,161666192724.0
2024-06-24,112712121558.0,161380898194.0
2024-06-25,112837386516.0,161317674191.0
2024-06-26,112675718651.0,161340001815.0
2024-06-27,112501741675.0,161378331478.0
2024-06-28,112456905562.0,161417467943.0
2024-06-29,112511901163.0,161034491106.0
2024-06-30,112633305704.0,161033737535.0
2024-07-01,112644085827.0,160909446082.0
2024-07-02,112528906376.0,161114578679.0
2024-07-03,112414097319.0,160886649376.0
2024-07-04,112321847819.0,160945574651.0
2024-07-05,112468091106.0,161264371237.0
2024-07-06,112245912309.0,161626920236.0
2024-07-07,112181849713.0,161696676813.0
2024-07-08,112192511744.0,161862806801.0
2024-07-09,112141060909.0,161723441823.0
2024-07-10,112268563180.0,162000419722.0
2024-07-11,112364578514.0,162342562908.0
2024-07-12,112371024626.0,162404414775.0
2024-07-13,112527287879.0,162103442730.0
2024-07-14,112469048012.0,162376826194.0
2024-07-15,112651587060.0,162781154483.0
2024-07-16,112977167082.0,162852043419.0
2024-07-17,113216677692.0,163158933192.0
2024-07-18,113605223018.0,163331301442.0
2024-07-19,113678352175.0,163315585078.0
2024-07-20,114201306550.0,164260697154.0
2024-07-21,114015056195.0,164399912959.0
2024-07-22,114180894195.0,164246180250.0
2024-07-23,114307338921.0,164356655730.0
2024-07-24,114433699332.0,164570491884.0
2024-07-25,114424345507.0,164382913215.0
2024-07-26,114315607314.0,164058364322.0
2024-07-27,114325513751.0,164150039878.0
2024-07-28,114459557936.0,164318496821.0
2024-07-29,114459214526.0,164303456681.0
2024-07-30,114513725531.0,163941503121.0
2024-07-31,114518259273.0,164019649068.0
2024-08-01,114662166761.0,163808346660.0
2024-08-02,114667956088.0,163390255867.0
2024-08-03,114709383647.0,163474678540.0
2024-08-04,114694368645.0,163548158500.0
2024-08-05,114694368645.0,163689083601.0
2024-08-06,114572011258.0,163777078895.0
2024-08-07,114556867042.0,164241880592.0
2024-08-08,115656673750.0,165871932613.0
2024-08-09,115532191788.0,165486551604.0
2024-08-10,115574281399.0,165838375024.0
2024-08-11,115445826851.0,165437029606.0
2024-08-12,115756322080.0,165859190207.0
2024-08-13,115889054746.0,166098699507.0
2024-08-14,116129081961.0,166421347493.0
2024-08-15,116650846694.0,167244427627.0
2024-08-16,116699423797.0,167447171542.0
2024-08-17,116833969260.0,168044316471.0
2024-08-18,116887299260.0,168134484142.0
2024-08-19,116888957760.0,168171051075.0
2024-08-20,116995756969.0,167987522233.0
2024-08-21,117262503316.0,168412466296.0
2024-08-22,117371515154.0,168813041137.0
2024-08-23,117648169338.0,168806871779.0
2024-08-24,117627722034.0,169566560339.0
2024-08-25,117960181426.0,169776942006.0
2024-08-26,117826540080.0,169747475192.0
2024-08-27,117910201291.0,169485367148.0
2024-08-28,118055107985.0,169554044152.0
2024-08-29,118071957569.0,169774961462.0
2024-08-30,118195672005.0,169851999221.0
2024-08-31,118210924869.0,169753059141.0
2024-09-01,118025215506.0,169594314910.0
2024-09-02,118329335994.0,169919008358.0
2024-09-03,118081163534.0,169782566281.0
2024-09-04,118120984280.0,169408305908.0
2024-09-05,118128267807.0,169866143463.0
2024-09-06,118099392311.0,169561305854.0
2024-09-07,118133075576.0,169518250451.0
2024-09-08,118094548512.0,169630282261.0
2024-09-09,118177509123.0,169611744607.0
2024-09-10,118539409927.0,170415231384.0
2024-09-11,118433539059.0,170282247753.0
2024-09-12,118416549802.0,170159855383.0
2024-09-13,118373416045.0,169930987409.0
2024-09-14,118608616138.0,170682481182.0
2024-09-15,119047660344.0,171362710281.0
2024-09-16,118931099377.0,171001785120.0
2024-09-17,118689782497.0,170632612917.0
2024-09-18,118972104600.0,171278297899.0
2024-09-19,118896720603.0,171257832134.0
2024-09-20,118997000159.0,171530694078.0
2024-09-21,119161364466.0,172085129872.0
2024-09-22,119276518054.0,172327039417.0
2024-09-23,119157360693.0,172376284252.0
2024-09-24,119209005948.0,172271934690.0
2024-09-25,119190344327.0,172157967263.0
2024-09-26,119274429856.0,172382725906.0
2024-09-27,119347429356.0,172828104188.0
2024-09-28,119381689597.0,172719399643.0
2024-09-29,119406925003.0,172735679543.0
2024-09-30,119462461852.0,172572291972.0
2024-10-01,119594589074.0,171932700854.0
2024-10-02,119650346135.0,172336339972.0
2024-10-03,119633735737.0,172458683339.0
2024-10-04,119613458484.0,172325935794.0
2024-10-05,119613173396.0,172356852116.0
2024-10-06,120029038935.0,173144715927.0
2024-10-07,119268972945.0,171912863086.0
2024-10-08,119800509802.0,172513590311.0
2024-10-09,119733298919.0,172587214098.0
2024-10-10,119728449348.0,172623656647.0
2024-10-11,119678684469.0,172242036736.0
2024-10-12,119713343886.0,172612094404.0
2024-10-13,119731227066.0,172822710020.0
2024-10-14,119970689520.0,173125867346.0
2024-10-15,119759196663.0,172623612087.0
2024-10-16,119729083804.0,172796652908.0
2024-10-17,119849731302.0,172360083804.0
2024-10-18,119987498938.0,172330176326.0
2024-10-19,120061403581.0,172623856360.0
2024-10-20,120029907529.0,172640451930.0
2024-10-21,119892595237.0,172536758616.0
2024-10-22,120113836282.0,172718248118.0
2024-10-23,120080509533.0,172574025226.0
2024-10-24,120108145288.0,172070611347.0
2024-10-25,119682255894.0,171439500876.0
2024-10-26,120083115641.0,172314430558.0
2024-10-27,120157096379.0,172453062613.0
2024-10-28,120439762853.0,172872210113.0
2024-10-29,119942921071.0,172104678109.0
2024-10-30,120436072197.0,172709722095.0
2024-10-31,120421539375.0,173104784281.0
2024-11-01,120343914501.0,172403951169.0
2024-11-02,120512798318.0,172861015508.0
2024-11-03,120349357582.0,172929757265.0
2024-11-04,120534696883.0,173361405801.0
2024-11-05,120625494594.0,173725271305.0
2024-11-06,120624809985.0,173683424856.0
2024-11-07,121715931940.0,175945702793.0
2024-11-08,122159677788.0,176694110072.0
2024-11-09,123092672428.0,178109020494.0
2024-11-10,123358597847.0,177868737296.0
2024-11-11,124088086130.0,179053995689.0
2024-11-12,124397201722.0,178793230137.0
2024-11-13,125748139313.0,179392370914.0
2024-11-14,126954639103.0,180810210909.0
2024-11-15,127796508638.0,182150957998.0
2024-11-16,127748815871.0,182413319420.0
2024-11-17,127768384715.0,182849339391.0
2024-11-18,127923523973.0,182959862386.0
2024-11-19,128639369370.0,183871386961.0
2024-11-20,129260594783.0,184656319727.0
2024-11-21,130635888006.0,186498081341.0
2024-11-22,131330250660.0,187713838721.0
2024-11-23,132471840504.0,189418705509.0
2024-11-24,133057084002.0,190666750072.0
2024-11-25,133077645696.0,190567428645.0
2024-11-26,132742165686.0,189521963098.0
2024-11-27,132846349483.93,189555307023.06027
